chrom	pos
2L	534317
3R	25957
3L	169475
X	1027701
2R	1380988
2L	1311831
X	1421000
2L	2164326
2L	3297991
X	2557869
2R	3289893
X	2975045
2L	5596519
X	3703379
2R	4524607
3R	4625617
3L	5090937
2R	5610065
3R	6001223
2R	7075601
X	7665704
2L	7800806
3L	8368423
2R	8260903
2L	8196214
X	8213904
3R	8519816
2R	8496267
2L	8759949
3L	8746422
2R	9017987
2L	9365441
3R	9522719
2L	11161741
2R	10423325
2R	10597538
3R	10642651
X	11219742
3R	11019404
3R	11460033
3R	11868832
3R	12035849
3L	12476311
2R	12549825
2R	12663504
X	14082852
3L	13555842
2L	12987126
2R	13734942
3R	14031060
2R	14269786
2L	14450883
2R	15059285
X	15491848
2R	15161971
2R	15780240
X	15636359
2L	15949320
3R	16761336
2L	16449304
3L	16288099
2R	16364250
3L	16451135
2L	17049433
2R	17240886
3L	17203539
2R	17932499
3R	17604698
X	17638332
2L	18117323
3L	17834138
3L	18187555
2L	19183800
2R	18769420
3L	18898550
2R	19122570
3R	19845539
2L	19854812
2R	21065808
X	20402598
3L	20615333
3R	20906715
X	21091487
2L	21180056
3R	22117938
2L	22903284
X	21927354
3L	24070913
3R	23570552
3R	25401266
3R	26377712
3R	27120259
2L	111546
3R	138896
3L	31785
2R	81713
X	394911
X	1145124
2R	1241436
3R	1163114
3L	1310910
3L	1807556
2R	3559309
X	1908658
2L	1874622
3L	2905494
3R	2558673
X	2752108
2L	3216432
X	3417908
X	3714263
3L	3902816
3L	5063527
3R	5217574
3R	5565472
2L	6027899
2R	6386962
3R	7089619
X	7619055
3L	6456780
3L	6559997
2R	7025459
2R	7279436
3L	7487342
3R	7991206
2L	7577250
2R	7861154
2R	9020083
3L	8624750
3R	8217072
2L	8345082
X	10051635
2L	9035319
3R	9437702
2R	9323572
3L	9367050
3R	9678086
2R	9950458
3R	9930785
2L	9915189
3L	10024445
2L	10894627
3R	10130549
2R	10382857
3R	10483149
2R	10810938
3R	10710309
3R	11025022
3L	11337054
2L	11471786
3R	11627450
X	11786298
2R	12264318
2L	12024921
3R	12187463
X	12377692
2L	12909625
3R	12464554
3L	12636205
2R	12860443
3L	13212413
X	12934341
2R	13739639
2L	13321035
3L	13820955
X	13970980
2R	14142110
3L	14333524
2L	14493917
X	14077980
2R	14355560
X	14754763
2R	14423027
3L	14814520
2R	15014598
X	14916219
3L	15017230
2L	15175093
X	15666604
2R	15534548
2L	16220051
3L	15765493
3L	15949711
2R	16013148
2R	16118508
3L	16334590
X	16298715
3R	16846472
2L	17052653
2R	16984918
3L	16977942
X	17632573
2L	17540830
3R	17383805
2R	17835649
3L	17446614
3R	17703652
2L	17935202
3L	17834138
2R	17994775
X	18289027
2R	18505442
2L	19191188
2R	18889185
3L	18863452
3L	18949004
X	19150773
2R	19060226
3L	19359958
X	19704178
2R	21059871
2L	20119948
X	20431025
X	20723831
3L	21847030
2L	22917559
X	21933683
3R	22106413
3L	22899829
3L	24307595
3R	26272928
3R	26374625
3R	27505206
2L	36631
3R	442316
X	147853
2R	88431
3L	355805
X	1192821
3L	800901
3R	1033632
2R	974467
3L	958644
3L	1190548
2L	1193293
2L	1334155
2L	1437070
2L	1622732
3L	1815142
2L	1716770
2L	1789258
2R	2917489
3L	1898677
2L	1950514
3L	2100429
X	2136315
2L	2348742
X	2579367
3L	2311408
3L	2389862
2L	2506705
3L	2796759
3R	2926689
3L	2885724
2L	2921364
2L	3018613
3L	3037761
3R	4085071
2L	3219808
2L	3305408
X	3542015
3L	3687500
3L	3800709
2R	3925700
3L	3968573
2L	4045939
X	4113328
3L	4164600
2R	4481359
X	4199682
X	4282991
3L	4368256
3L	4472895
3L	4614319
3L	4665088
3L	4776971
3L	4868167
3L	5390024
2R	5052867
3R	5397604
3L	5429792
2R	5586408
X	5716514
2R	5711359
3R	6126216
X	5905372
2L	5963298
2L	6008550
2R	6147215
2L	6282272
2R	6330185
X	6797793
3L	6442993
3R	6565889
3L	6629530
3R	8383093
3L	7018643
X	7125495
2R	7299834
2L	7329612
3L	7438305
X	7513829
2R	8228461
3L	7594953
2L	7583366
X	7666873
3L	7773621
2L	7719857
3L	7841366
3L	7989125
3L	8357893
2L	8336843
3L	8424621
2L	8465021
2R	8495049
2L	8643896
2R	8724848
3L	9658324
2L	8842340
2R	8872992
X	9188775
2R	9174527
3R	9400246
X	9442044
2L	9550178
2L	9775638
2L	10029237
2R	10073377
X	10079564
2R	10254383
X	10524881
2R	10438761
2R	10506619
2R	10728161
2L	10855581
X	10808766
3L	11346655
2L	11009912
X	11154501
2R	11293926
2L	11311715
2L	11386545
2L	11644598
3R	12243497
3L	12151999
3L	12221460
X	12411245
3L	12816473
3R	12706610
2R	12557829
2L	12889882
2R	12671735
X	12661950
3R	13181560
2R	12937908
3L	13029201
2L	13105599
2R	13259016
2L	13495647
3R	13519429
3L	14176251
2R	13589956
2L	13643354
3R	13662500
3R	14706323
2R	13864286
2L	13919608
2R	13936022
X	13970028
2L	14031861
2R	14083373
3L	14371933
2R	14261272
2L	14425143
3L	14646939
3L	14792067
2R	14858243
3L	14897103
2L	14992885
3L	15005173
2L	15102601
3R	15168090
3L	15262559
3R	15304728
3R	15398232
3R	15644707
X	15666604
3L	17034062
3R	15785852
2R	15790692
2L	15793033
3R	15855684
3R	16015529
2L	16020308
3R	16241132
2L	16210957
X	16506445
3R	16815965
2L	16756374
2L	17059648
2R	17102901
2R	17191745
X	17216063
2L	17844818
3R	17402229
3R	17533954
3L	18130525
3R	17815565
2R	17694718
3R	17927291
3R	17997177
X	18103935
3R	18287288
2R	18379356
2R	18585958
2L	18595997
3L	18822439
2R	18858280
2L	19240748
2R	18918321
3L	19619104
3R	19043527
2R	18998636
2R	19136856
2L	19386772
3R	19540626
2R	19569665
3R	19623204
2L	20100202
X	19762240
3R	19844932
X	20253622
3L	20624061
2R	20697461
X	20682460
3R	20722633
2L	21199050
3L	21787219
X	21299410
X	21432690
X	21972056
3R	21999526
X	22180874
3R	22249607
3L	22598776
2L	22464084
3R	22693956
3R	23018530
3L	24308632
3R	23330127
3R	23591718
3R	23994391
3R	25786343
3R	26132215
3R	26216542
3R	26415501
3R	26538576
3R	26718229
3R	26923038
3R	27136514
3R	27477211
2L	151719
2L	579637
2L	1252697
2L	1471751
2L	1655675
2L	1820289
2L	2251562
2L	2797904
2L	2912282
2L	2982411
2L	3237608
2L	3359041
2L	3623065
2L	3786670
2L	3847440
2L	3989009
2L	4114787
2L	4163617
2L	4559572
2L	4683869
2L	5569744
2L	5622995
2L	5731525
2L	5843731
2L	5915522
2L	6040303
2L	6082987
2L	6140304
2L	6236128
2L	6282272
2L	6547522
2L	6719143
2L	6904814
2L	7328310
2L	7617977
2L	7807915
2L	8196214
2L	8373271
2L	8739162
2L	8801246
2L	9108045
2L	9304472
2L	9362213
2L	9411085
2L	9594586
2L	9661123
2L	9865997
2L	9936407
2L	10855581
2L	11025503
2L	11317874
2L	11386527
2L	11473563
2L	11563520
2L	11693431
2L	12553675
2L	12987884
2L	13640913
2L	13930206
2L	14014336
2L	14453223
2L	14837360
2L	15177653
2L	16030510
2L	16173920
2L	19183800
2L	19999750
2L	21199050
2R	90762
2R	1241436
2R	1928170
2R	2351924
2R	5661272
2R	6160214
2R	6330185
2R	6856975
2R	7108339
2R	7323817
2R	7634642
2R	8178793
2R	8495049
2R	8654056
2R	8897314
2R	9174401
2R	9374578
2R	9461340
2R	9580376
2R	10002316
2R	10101847
2R	10254383
2R	10836789
2R	11296313
2R	12100660
2R	12175977
2R	12478180
2R	12825532
2R	12992506
2R	13191901
2R	13353671
2R	13454132
2R	13734722
2R	14263443
2R	14344012
2R	14881026
2R	15534548
2R	17474775
2R	17590788
2R	18174183
2R	18705380
2R	18860681
2R	19400139
2R	19546229
2R	19636140
2R	19882363
2R	20062047
2R	20180689
2R	20888312
2R	21053204
3L	49472
3L	566634
3L	1608327
3L	2772521
3L	5509286
3L	6455986
3L	8368423
3L	8431030
3L	8837205
3L	9218852
3L	9463966
3L	9514500
3L	9629697
3L	9948247
3L	10004542
3L	10124752
3L	10486186
3L	10570491
3L	11005125
3L	11346655
3L	11644891
3L	11916367
3L	12075786
3L	12151999
3L	12293890
3L	12606387
3L	13889740
3L	14528669
3L	15051747
3L	15268529
3L	15741344
3L	16649733
3L	17331502
3L	18099496
3L	19012791
3L	19359958
3L	20042982
3L	20436529
3L	20590006
3L	21448277
3L	22854998
3L	24322729
3R	1269602
3R	1693922
3R	1981524
3R	2431255
3R	3583254
3R	4127894
3R	4700784
3R	5225240
3R	5397604
3R	6040082
3R	6105974
3R	6888288
3R	7295209
3R	8025917
3R	8476290
3R	9678086
3R	10283751
3R	10464821
3R	11025022
3R	11627187
3R	11829881
3R	12395008
3R	12628819
3R	13321078
3R	14395809
3R	14705753
3R	14768379
3R	14970727
3R	15428385
3R	15660647
3R	15857006
3R	16010039
3R	16644335
3R	16815965
3R	17601410
3R	17917599
3R	17997177
3R	18234102
3R	18946356
3R	18998474
3R	19304426
3R	19968304
3R	20641003
3R	20943911
3R	21169438
3R	21458100
3R	22345775
3R	22651993
3R	23125233
3R	23491467
3R	23625633
3R	23867959
3R	24038722
3R	24257772
3R	24733335
3R	25399609
3R	25581122
3R	25853384
3R	25983523
3R	26112908
3R	26374625
3R	27118116
3R	27302623
X	394911
X	1145124
X	2141358
X	2752108
X	3132453
X	3417908
X	3816157
X	4113373
X	5614319
X	5892268
X	6475574
X	6656150
X	7550871
X	7665704
X	8384429
X	9817993
X	9984011
X	10206408
X	10529531
X	11140171
X	13968257
X	14515796
X	14889049
X	15406840
X	16462101
X	16561999
X	16847441
X	17132311
X	17213862
X	17343919
X	17725660
X	18236100
X	18345932
X	18497730
X	19663893
X	20277480
X	20675797
X	20919467
X	21436262
X	21927413
X	22160054
2L	89894
3L	5726737
2L	6219698
2L	7846399
2L	11180298
2L	11364960
2L	13684353
2L	14498989
2L	14722937
3L	15279507
2L	18884073
2L	19466734
X	20783566
