"chrom","comparison","nWins","startSNP","endSNP","startPos","endPos","winscore.mean","winscore.max","nSig.1","nSig.2","nSig.3","bestSNP.pos","bestSNP.p","cl","IntervalLength"
"2L","1_7",50,1,6001,5390,625715,43.68,82,2002,76,10,534317,4.99671787042352e-07,"c1.2L.1_7","clust"
"3R","1_7",9,1272701,1274001,17541,466984,85.1111111111111,158,595,66,13,25957,6.77410750063693e-07,"c1.3R.1_7","clust"
"3L","1_7",79,827201,859801,24654,1666883,77.5598739495798,296,4250,509,205,169475,2.62084876276508e-07,"c1.3L.1_7","clust"
"X","1_7",64,1721101,1728701,222372,1194175,58.125,168,3355,160,15,1027701,6.95528348427504e-06,"c1.X.1_7","clust"
"2R","1_7",64,456801,463601,870377,1630319,93.578125,234,4194,680,145,1380988,1.30258916651698e-08,"c1.2R.1_7","clust"
"2L","1_7",65,18901,26601,1199777,1499756,41.3538461538462,71,2403,120,15,1311831,6.61057546964502e-06,"c2.2L.1_7","clust"
"X","1_7",27,1728901,1732301,1214088,1713845,92.5185185185185,213,2201,126,15,1421000,2.8079804329574e-06,"c2.X.1_7","clust"
"2L","1_7",169,29201,47001,1611314,2424850,65.5621301775148,180,8450,1120,130,2164326,3.84584245618288e-07,"c3.2L.1_7","clust"
"2L","1_7",129,47201,69301,2436718,3376743,38.5492867405583,81,4094,318,85,3297991,1.9240955182519e-07,"c4.2L.1_7","clust"
"X","1_7",16,1739501,1741501,2515366,2664177,78.9375,126,904,172,5,2557869,8.32546356764759e-06,"c3.X.1_7","clust"
"2R","1_7",84,472701,482101,2711133,3528170,52.6904761904762,112,3714,296,40,3289893,1.78879887217414e-06,"c2.2R.1_7","clust"
"X","1_7",10,1744701,1752901,2933091,3604721,58.4,72,354,115,0,2975045,1.68807838378375e-05,"c4.X.1_7","clust"
"2L","1_7",414,69601,147801,3385228,6585743,41.890756885106,165,14305,2051,146,5596519,5.41426285726517e-07,"c5.2L.1_7","clust"
"X","1_7",7,1753201,1754301,3630113,3745467,41.2857142857143,59,229,30,0,3703379,3.55596835154185e-05,"c5.X.1_7","clust"
"2R","1_7",149,487701,505401,3936633,5234047,54.2795454545455,134,7131,655,130,4524607,6.80153935900472e-10,"c3.2R.1_7","clust"
"3R","1_7",15,1307601,1309501,4539990,4719032,52.2,70,583,85,10,4625617,3.45493295915963e-06,"c2.3R.1_7","clust"
"3L","1_7",5,936201,937101,5069872,5124386,34,41,160,5,0,5090937,0.000285142634919686,"c2.3L.1_7","clust"
"2R","1_7",41,507301,513301,5354086,5755269,41.6901913875598,87,1600,35,5,5610065,6.37886095070409e-06,"c4.2R.1_7","clust"
"3R","1_7",26,1319901,1322901,5774664,6053960,34.0384615384615,44,755,50,10,6001223,1.87356459579232e-06,"c3.3R.1_7","clust"
"2R","1_7",28,534101,539301,6832903,7092454,42.1025641025641,66,976,101,0,7075601,2.94590559015237e-05,"c5.2R.1_7","clust"
"X","1_7",6,1800501,1801501,7634274,7698325,57.3333333333333,68,279,25,5,7665704,4.07602965712583e-06,"c6.X.1_7","clust"
"2L","1_7",6,177901,178901,7783723,7827481,52.8333333333333,69,307,5,0,7800806,0.000298768338646616,"c6.2L.1_7","clust"
"3L","1_7",137,999301,1015501,7950935,8706921,70.7445255474452,172,5578,1148,606,8368423,1.33567762931481e-09,"c3.3L.1_7","clust"
"2R","1_7",35,557801,562201,8050466,8283169,64.9142857142857,111,1776,212,24,8260903,1.01893344932624e-05,"c6.2R.1_7","clust"
"2L","1_7",39,184601,189401,8090201,8295806,52.2564102564103,83,1593,155,45,8196214,4.16148707632737e-08,"c7.2L.1_7","clust"
"X","1_7",12,1806901,1809001,8139744,8288450,36.5833333333333,48,431,4,0,8213904,6.39550873329616e-05,"c7.X.1_7","clust"
"3R","1_7",13,1351501,1355601,8346859,8614576,34.1125,46,367,36,0,8519816,3.3719111376292e-05,"c4.3R.1_7","clust"
"2R","1_7",5,565501,566401,8446849,8497068,33.8,40,167,1,0,8496267,0.000131865061359065,"c7.2R.1_7","clust"
"2L","1_7",86,198201,210401,8682060,9148340,42.4759984833165,71,3154,243,5,8759949,6.78990435232335e-06,"c8.2L.1_7","clust"
"3L","1_7",13,1016001,1017701,8729915,8802635,43.0769230769231,62,510,25,0,8746422,0.000156909162158087,"c4.3L.1_7","clust"
"2R","1_7",25,577401,581701,9007001,9208478,45.6423611111111,82,895,70,13,9017987,2.89274847254123e-06,"c8.2R.1_7","clust"
"2L","1_7",31,212401,216701,9227109,9383160,38.7710084033613,61,1026,83,0,9365441,1.38098105705031e-05,"c9.2L.1_7","clust"
"3R","1_7",7,1369701,1370801,9460536,9539457,52,70,306,29,0,9522719,0.00017331692659424,"c5.3R.1_7","clust"
"2L","1_7",290,227901,260401,9831026,11222634,63.995991011695,158,9091,2793,1224,11161741,3.79232899354442e-09,"c10.2L.1_7","clust"
"2R","1_7",8,608701,610001,10403277,10457515,44.125,63,281,36,0,10423325,1.67504505591928e-05,"c9.2R.1_7","clust"
"2R","1_7",70,610501,621901,10481298,11069341,54.4159398496241,140,2993,389,9,10597538,1.11802484851738e-05,"c10.2R.1_7","clust"
"3R","1_7",55,1391601,1398401,10528390,10871850,45.1454545454545,111,2032,161,43,10642651,6.79254970120476e-06,"c6.3R.1_7","clust"
"X","1_7",58,1838601,1846101,10681849,11303295,46.2068965517241,91,2380,135,10,11219742,5.2578353412412e-06,"c8.X.1_7","clust"
"3R","1_7",12,1400601,1402201,10981216,11064739,75.0833333333333,138,716,55,25,11019404,2.67129544218057e-07,"c7.3R.1_7","clust"
"3R","1_7",38,1406601,1412001,11368567,11700198,64.0994397759104,153,1977,172,10,11460033,3.86275691793435e-06,"c8.3R.1_7","clust"
"3R","1_7",11,1413801,1415301,11848460,11972603,45.7272727272727,59,347,78,0,11868832,2.99993803068546e-05,"c9.3R.1_7","clust"
"3R","1_7",60,1415601,1423401,11991092,12588431,43.7320799059929,81,2500,110,0,12035849,1.89390237858268e-05,"c10.3R.1_7","clust"
"3L","1_7",64,1101901,1113401,12237872,12708852,37.5515151515151,81,2270,149,0,12476311,1.93524291103055e-05,"c5.3L.1_7","clust"
"2R","1_7",14,650901,653101,12531247,12630325,33.6428571428571,42,447,12,0,12549825,9.45645537443533e-05,"c11.2R.1_7","clust"
"2R","1_7",40,653601,661501,12646082,13058785,51.7347285067873,132,1889,122,4,12663504,8.66324859055244e-06,"c12.2R.1_7","clust"
"X","1_7",148,1861701,1891201,12761599,14942524,51.2622894736842,186,7434,901,108,14082852,1.65526909283717e-07,"c9.X.1_7","clust"
"3L","1_7",410,1114801,1183001,12780147,16215997,47.2443120883604,189,13066,4718,832,13555842,2.56066541099194e-07,"c6.3L.1_7","clust"
"2L","1_7",153,297701,327801,12892832,14353738,44.3632351318548,112,5823,481,57,12987126,3.15194761025967e-07,"c11.2L.1_7","clust"
"2R","1_7",28,665801,677701,13281654,13843690,44.13125,83,1029,99,19,13734942,1.6544526937102e-06,"c13.2R.1_7","clust"
"3R","1_7",389,1435901,1484901,13288805,15681346,51.8649373073796,137,14860,3007,381,14031060,1.90159677580015e-07,"c11.3R.1_7","clust"
"2R","1_7",77,683301,695101,14126123,14629852,42.2079945799458,79,2710,221,37,14269786,3.67833840234631e-06,"c14.2R.1_7","clust"
"2L","1_7",17,329801,337601,14431105,14831323,36.9652777777778,62,494,65,0,14450883,1.68585051456203e-05,"c12.2L.1_7","clust"
"2R","1_7",7,703201,704401,15029327,15078053,29.7142857142857,41,170,19,0,15059285,0.000103900963176248,"c15.2R.1_7","clust"
"X","1_7",44,1892501,1898601,15064166,15534669,47.9090909090909,73,1979,42,15,15491848,1.47589797900556e-06,"c10.X.1_7","clust"
"2R","1_7",24,705301,708201,15119237,15269397,62.4583333333333,115,1050,157,45,15161971,1.4337751272388e-06,"c16.2R.1_7","clust"
"2R","1_7",117,710001,725401,15375536,16247903,41.4506883177769,87,3927,504,45,15780240,9.86890125676457e-07,"c17.2R.1_7","clust"
"X","1_7",17,1898901,1901401,15552690,15849356,53.6470588235294,111,862,25,0,15636359,0.000133162096087292,"c11.X.1_7","clust"
"2L","1_7",24,356301,359901,15800422,16016295,33.4166666666667,42,717,29,9,15949320,3.12533969800578e-07,"c13.2L.1_7","clust"
"3R","1_7",124,1493801,1513201,16165413,17234082,44.3411555786556,84,4952,234,25,16761336,6.34137461373331e-06,"c12.3R.1_7","clust"
"2L","1_7",49,364501,369801,16248334,16488832,58.4897959183673,109,2396,205,20,16449304,1.28319740982291e-06,"c14.2L.1_7","clust"
"3L","1_7",6,1184001,1185001,16266379,16302925,49.6666666666667,59,272,13,0,16288099,0.000215291248750157,"c7.3L.1_7","clust"
"2R","1_7",39,725801,731801,16277563,16531829,37.9230769230769,60,1313,83,0,16364250,3.03838187205843e-05,"c18.2R.1_7","clust"
"3L","1_7",9,1186701,1188001,16399784,16463178,46,64,396,9,0,16451135,0.000123636997150926,"c8.3L.1_7","clust"
"2L","1_7",61,370101,381901,16498046,17156613,41.871875,85,2214,156,13,17049433,5.02533771662002e-06,"c15.2L.1_7","clust"
"2R","1_7",40,745001,751801,17018847,17295046,39.4705128205128,63,1248,122,20,17240886,1.57804341063514e-07,"c19.2R.1_7","clust"
"3L","1_7",6,1199901,1200901,17175427,17227359,44.8333333333333,55,137,51,10,17203539,3.40438627368729e-06,"c9.3L.1_7","clust"
"2R","1_7",273,754801,786601,17407689,18715897,53.1507754605731,129,11240,1506,245,17932499,2.16000813351312e-07,"c20.2R.1_7","clust"
"3R","1_7",38,1518601,1533101,17524689,18286183,65.7916666666667,200,1964,151,60,17604698,2.3940574138131e-07,"c13.3R.1_7","clust"
"X","1_7",5,1924201,1925101,17592874,17661586,40.4,48,194,4,0,17638332,0.000157183438371802,"c12.X.1_7","clust"
"2L","1_7",119,393101,406001,17778870,18556333,77.327731092437,241,5001,1568,355,18117323,7.25151938017345e-08,"c16.2L.1_7","clust"
"3L","1_7",12,1209101,1210901,17813800,17947155,47.1666666666667,67,482,42,0,17834138,5.6855023716137e-05,"c10.3L.1_7","clust"
"3L","1_7",85,1213401,1225301,18077910,18593783,46.0131578947368,76,3710,112,15,18187555,9.98310350960171e-06,"c11.3L.1_7","clust"
"2L","1_7",84,406801,416701,18596385,19258341,56.3690476190476,155,4281,197,20,19183800,1.09057335735678e-07,"c17.2L.1_7","clust"
"2R","1_7",53,787001,793101,18734217,19001607,76.0188679245283,162,2618,563,95,18769420,3.43610837745241e-08,"c21.2R.1_7","clust"
"3L","1_7",9,1230001,1231301,18854596,18927946,44.3333333333333,56,329,35,0,18898550,6.80895863148547e-05,"c12.3L.1_7","clust"
"2R","1_7",63,793601,803301,19026215,19466863,73.6442819148936,194,2827,919,66,19122570,4.47495492495754e-07,"c22.2R.1_7","clust"
"3R","1_7",99,1557001,1568601,19495440,20246152,60.969696969697,124,4758,567,48,19845539,1.20904976392239e-06,"c14.3R.1_7","clust"
"2L","1_7",156,420701,436901,19530531,20609279,139.352564102564,338,10031,4519,890,19854812,9.84335138191726e-08,"c18.2L.1_7","clust"
"2R","1_7",111,813201,827101,19948661,21079174,60.2561873433584,240,4898,1020,457,21065808,1.86151262551298e-08,"c23.2R.1_7","clust"
"X","1_7",73,1952801,1961301,20212265,20858664,57.5479452054795,136,3623,232,38,20402598,6.91989726115979e-07,"c13.X.1_7","clust"
"3L","1_7",16,1248301,1250701,20479698,20789934,66.6875,152,1012,20,5,20615333,6.55319292427569e-06,"c13.3L.1_7","clust"
"3R","1_7",38,1574501,1581001,20598807,21002094,49.4208333333333,89,1781,38,0,20906715,7.82514835720676e-05,"c15.3R.1_7","clust"
"X","1_7",21,1961801,1964901,20897615,21138010,44.0357142857143,62,794,61,0,21091487,2.83405267409827e-05,"c14.X.1_7","clust"
"2L","1_7",21,441101,443601,20938022,21243832,45.6190476190476,81,846,56,0,21180056,5.74915223971751e-05,"c19.2L.1_7","clust"
"3R","1_7",205,1585601,1610101,21270252,22505097,60.6638018843901,139,9117,1246,180,22117938,7.64070717069608e-07,"c16.3R.1_7","clust"
"2L","1_7",86,444101,453401,21308245,22921279,73.9883720930233,192,4414,724,167,22903284,7.04272287871044e-09,"c20.2L.1_7","clust"
"X","1_7",32,1970001,1975101,21879106,22346540,67.2371428571429,126,1909,63,0,21927354,2.90589836841347e-05,"c15.X.1_7","clust"
"3L","1_7",31,1268901,1272601,23261485,24420223,76,165,2245,42,9,24070913,3.90299668795265e-07,"c14.3L.1_7","clust"
"3R","1_7",14,1632301,1634701,23545691,23675851,39.6428571428571,52,481,37,0,23570552,6.61029075187046e-05,"c17.3R.1_7","clust"
"3R","1_7",47,1669401,1675601,25376976,25597629,38.3829787234043,53,1541,124,5,25401266,8.25529717953952e-06,"c18.3R.1_7","clust"
"3R","1_7",6,1695301,1696301,26352992,26391679,45,56,254,8,0,26377712,0.000125430517729975,"c19.3R.1_7","clust"
"3R","1_7",129,1696701,1718101,26406559,27490787,58.786664422534,151,5002,242,517,27120259,2.60050519354381e-13,"c20.3R.1_7","clust"
"2L","3_9",60,1,7501,5390,711392,97.8333333333333,384,3050,696,476,111546,2.11459351802805e-14,"c1.2L.3_9","3_9"
"3R","3_9",24,1272701,1275501,17541,740587,136.75,288,2655,96,145,138896,6.5101902495621e-15,"c1.3R.3_9","3_9"
"3L","3_9",11,827201,835001,24654,654333,94.6833333333333,172,562,167,36,31785,1.2545926339626e-06,"c1.3L.3_9","3_9"
"2R","3_9",14,453501,455301,28422,634770,115.928571428571,290,898,112,167,81713,9.08679164923548e-09,"c1.2R.3_9","3_9"
"X","3_9",11,1720901,1722901,152497,555498,49.1818181818182,58,486,23,3,394911,2.58331616445379e-06,"c1.X.3_9","3_9"
"X","3_9",60,1724901,1732301,751068,1713845,136.683333333333,500,4660,818,635,1145124,3.28372662513676e-10,"c2.X.3_9","3_9"
"2R","3_9",65,456701,463601,847339,1630319,95,244,4390,600,195,1241436,2.78533801205736e-09,"c2.2R.3_9","3_9"
"3R","3_9",31,1276701,1280201,901655,1447641,74.8064516129032,109,2110,82,15,1163114,9.30374286207519e-06,"c2.3R.3_9","3_9"
"3L","3_9",24,847301,859801,1191723,1666883,54.1111111111111,76,1000,92,28,1310910,1.19922473264188e-06,"c2.3L.3_9","3_9"
"3L","3_9",10,860801,863101,1696724,1827835,62.3,78,345,58,54,1807556,6.61805074895238e-06,"c3.3L.3_9","3_9"
"2R","3_9",376,465001,504801,1764189,5195926,88.4574468085106,243,22915,3620,1035,3559309,1.95642565845349e-09,"c3.2R.3_9","3_9"
"X","3_9",13,1732601,1738701,1774713,2458536,52.5238095238095,69,586,40,5,1908658,2.07334810119667e-05,"c3.X.3_9","3_9"
"2L","3_9",74,33201,51101,1787788,2608108,53.4275362318841,85,3293,217,22,1874622,7.28234289986396e-06,"c2.2L.3_9","3_9"
"3L","3_9",30,865401,889601,1927745,2919878,51.9146825396825,82,927,345,6,2905494,1.623519562624e-05,"c4.3L.3_9","3_9"
"3R","3_9",35,1286901,1290801,2320341,2710165,94.2285714285714,157,2493,335,45,2558673,3.84294511086223e-06,"c3.3R.3_9","3_9"
"X","3_9",37,1739701,1743901,2531071,2853438,67.2702702702703,145,1909,245,30,2752108,9.84436642001087e-07,"c4.X.3_9","3_9"
"2L","3_9",93,54501,71401,2745385,3437570,55.5084325396825,114,4112,492,145,3216432,1.85441022490909e-07,"c3.2L.3_9","3_9"
"X","3_9",5,1749901,1750801,3369470,3435952,47.8,59,227,6,0,3417908,0.000159596454090313,"c5.X.3_9","3_9"
"X","3_9",6,1753301,1754301,3640172,3745467,51.3333333333333,64,288,10,0,3714263,0.000459618913464552,"c6.X.3_9","3_9"
"3L","3_9",46,908401,918901,3792223,4245997,52.8022727272727,111,2007,249,16,3902816,9.2072704299771e-06,"c5.3L.3_9","3_9"
"3L","3_9",52,931501,938701,4825295,5196718,59.1098901098901,91,2584,191,5,5063527,5.44995896353477e-06,"c6.3L.3_9","3_9"
"3R","3_9",18,1313401,1315901,5095534,5338238,79,141,1233,87,5,5217574,3.58535876699313e-06,"c4.3R.3_9","3_9"
"3R","3_9",11,1317201,1318701,5474773,5686036,57,83,589,19,0,5565472,0.000102886595063791,"c5.3R.3_9","3_9"
"2L","3_9",10,133701,135301,5998253,6060340,46.4,63,387,34,3,6027899,1.35773469134257e-05,"c4.2L.3_9","3_9"
"2R","3_9",95,516801,527201,6019718,6536095,72.9684210526316,194,4061,900,357,6386962,8.46046022018037e-08,"c4.2R.3_9","3_9"
"3R","3_9",51,1322901,1340001,6053960,7389374,49.1252264492754,79,2262,99,25,7089619,1.76906922087539e-05,"c6.3R.3_9","3_9"
"X","3_9",52,1787401,1802701,6362808,7800263,52,93,2413,138,5,7619055,4.55146862461273e-06,"c7.X.3_9","3_9"
"3L","3_9",9,964201,965601,6432668,6495565,43.7777777777778,56,362,16,0,6456780,0.000175584450638992,"c7.3L.3_9","3_9"
"3L","3_9",10,966701,974601,6545296,6917554,55.9,63,332,91,15,6559997,1.81835699607253e-06,"c8.3L.3_9","3_9"
"2R","3_9",25,532101,538201,6751890,7046199,48.2521978021978,75,956,133,20,7025459,4.90337062127789e-07,"c5.2R.3_9","3_9"
"2R","3_9",60,539201,546501,7085350,7434811,78.5666666666667,165,2573,685,257,7279436,5.02569120615659e-08,"c6.2R.3_9","3_9"
"3L","3_9",8,988601,989801,7480627,7532069,54.25,66,416,9,0,7487342,4.95203594112986e-05,"c9.3L.3_9","3_9"
"3R","3_9",50,1341001,1349801,7484586,8129513,52.8605590062112,98,2397,175,5,7991206,9.3685174940151e-06,"c7.3R.3_9","3_9"
"2L","3_9",34,171801,178501,7558692,7808475,51.7695652173913,95,1333,177,26,7577250,7.71312672712227e-07,"c5.2L.3_9","3_9"
"2R","3_9",52,550001,556201,7617128,7939211,66.8269230769231,123,2650,300,75,7861154,2.34478562294337e-08,"c7.2R.3_9","3_9"
"2R","3_9",254,556701,583701,7961254,9282791,75.1496062992126,247,12830,2376,502,9020083,6.45053420113292e-10,"c8.2R.3_9","3_9"
"3L","3_9",113,1002101,1014901,8069515,8684413,58.1759031198686,106,5372,780,40,8624750,2.27161567994684e-06,"c10.3L.3_9","3_9"
"3R","3_9",32,1350501,1357301,8176184,8732356,56.6485714285714,91,1399,112,26,8217072,2.46676030413244e-06,"c8.3R.3_9","3_9"
"2L","3_9",26,190601,194101,8335547,8493940,44,72,799,159,9,8345082,1.17195327422897e-05,"c6.2L.3_9","3_9"
"X","3_9",227,1814401,1849301,8702356,11712168,67.1529596290235,204,12932,1973,325,10051635,1.00367133793743e-08,"c8.X.3_9","3_9"
"2L","3_9",14,207101,209401,9030486,9116847,52.2142857142857,72,601,65,0,9035319,0.000112093071641312,"c7.2L.3_9","3_9"
"3R","3_9",62,1364901,1373301,9202275,9659759,77.2174688057041,220,3082,816,288,9437702,8.36309467992857e-08,"c9.3R.3_9","3_9"
"2R","3_9",92,584101,594501,9307296,9708272,62.2391304347826,159,4246,515,150,9323572,1.21315626984792e-07,"c9.2R.3_9","3_9"
"3L","3_9",18,1029401,1032101,9313794,9413577,50.7222222222222,72,690,74,25,9367050,5.47177471583975e-07,"c11.3L.3_9","3_9"
"3R","3_9",9,1373501,1374801,9667593,9731337,61.5555555555556,82,475,23,11,9678086,4.05492704709714e-07,"c10.3R.3_9","3_9"
"2R","3_9",65,595901,603401,9763452,10149267,57.5538461538462,108,3097,256,44,9950458,4.76290319797341e-07,"c10.2R.3_9","3_9"
"3R","3_9",24,1376501,1379301,9812984,9944885,58.25,97,1260,42,18,9930785,3.5571613960571e-07,"c11.3R.3_9","3_9"
"2L","3_9",25,229601,232801,9891086,10023780,55.12,77,1202,73,10,9915189,1.20185852801072e-05,"c8.2L.3_9","3_9"
"3L","3_9",9,1046101,1047401,10006120,10063624,44.3333333333333,55,339,30,0,10024445,0.000114187594693583,"c12.3L.3_9","3_9"
"2L","3_9",177,233501,257701,10049879,11093540,52.4363275613276,169,7084,1378,268,10894627,1.1146780761817e-06,"c9.2L.3_9","3_9"
"3R","3_9",5,1382501,1383401,10114255,10151471,50.4,59,218,17,0,10130549,0.000110222822731324,"c12.3R.3_9","3_9"
"2R","3_9",12,604001,608601,10182712,10399139,47.875,74,459,69,0,10382857,0.000102931917975126,"c11.2R.3_9","3_9"
"3R","3_9",9,1389601,1390901,10433267,10501923,51.6666666666667,68,457,4,0,10483149,5.38076795502279e-05,"c13.3R.3_9","3_9"
"2R","3_9",120,610101,624601,10461652,11239152,62.1741071428571,209,5700,1027,268,10810938,1.77152090356289e-07,"c12.2R.3_9","3_9"
"3R","3_9",13,1394601,1396301,10668028,10765237,55.3846153846154,80,640,40,0,10710309,6.24938853268873e-05,"c14.3R.3_9","3_9"
"3R","3_9",31,1400501,1408601,10977186,11480258,72.6680672268908,190,1535,215,75,11025022,1.77550542608158e-07,"c15.3R.3_9","3_9"
"3L","3_9",109,1073501,1089601,11071821,11708614,56.1127380952381,143,5412,843,98,11337054,3.12706004041416e-06,"c13.3L.3_9","3_9"
"2L","3_9",45,265401,273201,11442877,11798846,58.3636363636364,95,1867,218,31,11471786,1.76348690238251e-07,"c10.2L.3_9","3_9"
"3R","3_9",9,1409801,1411601,11543488,11664262,47.5555555555556,65,404,12,0,11627450,0.00026561359425852,"c16.3R.3_9","3_9"
"X","3_9",8,1849501,1850701,11737509,11846434,48.125,61,355,15,0,11786298,0.000189209092148787,"c9.X.3_9","3_9"
"2R","3_9",94,636501,648701,11886821,12426073,55.1385696040868,92,4511,310,45,12264318,6.62010473600518e-06,"c13.2R.3_9","3_9"
"2L","3_9",11,277201,278701,11969898,12076383,44.9090909090909,57,452,21,0,12024921,0.000129413560408263,"c11.2L.3_9","3_9"
"3R","3_9",8,1417401,1418801,12127041,12229858,72.75,111,342,120,0,12187463,4.19731589343301e-05,"c17.3R.3_9","3_9"
"X","3_9",30,1855701,1862501,12291012,12823219,44.875,58,1020,108,29,12377692,4.93579800303111e-06,"c10.X.3_9","3_9"
"2L","3_9",120,284801,304201,12310267,13204577,60.485,196,6323,739,132,12909625,2.43370728520796e-06,"c12.2L.3_9","3_9"
"3R","3_9",48,1421101,1428801,12392063,12927320,53.3205357142857,106,2083,246,45,12464554,2.46927344672075e-06,"c18.3R.3_9","3_9"
"3L","3_9",38,1107801,1113601,12470673,12718460,46.2985507246377,69,1454,139,6,12636205,1.80030773476919e-05,"c14.3L.3_9","3_9"
"2R","3_9",69,650401,658601,12504846,12878560,58.2173913043478,118,3381,231,58,12860443,3.835230820595e-06,"c14.2R.3_9","3_9"
"3L","3_9",93,1115501,1130201,12811990,13435512,50.1757478632479,97,3474,485,81,13212413,7.64451155924647e-08,"c15.3L.3_9","3_9"
"X","3_9",5,1863401,1864301,12895084,12954483,41.6,51,196,6,0,12934341,5.79176456965235e-05,"c11.X.3_9","3_9"
"2R","3_9",104,663201,675201,13148975,13760775,59.5769230769231,123,4746,497,152,13739639,1.64600939218359e-06,"c15.2R.3_9","3_9"
"2L","3_9",118,304401,318001,13215618,13910148,71,175,5381,939,373,13321035,8.10754420834191e-08,"c13.2L.3_9","3_9"
"3L","3_9",32,1131601,1136401,13527299,13841281,54.2173913043478,85,1093,265,15,13820955,1.12958009352658e-05,"c16.3L.3_9","3_9"
"X","3_9",17,1874501,1877201,13749375,14015043,44.0588235294118,64,699,25,0,13970980,0.000105379576462486,"c12.X.3_9","3_9"
"2R","3_9",60,676801,685501,13807257,14218254,63.8228571428571,139,2686,432,74,14142110,3.58121939300361e-07,"c16.2R.3_9","3_9"
"3L","3_9",38,1136701,1148001,13854334,14357762,62.4054945054945,126,1752,369,12,14333524,1.9197746690633e-05,"c17.3L.3_9","3_9"
"2L","3_9",173,319201,339101,13952604,14909127,82.1040462427746,176,9580,1454,572,14493917,4.10323962415584e-10,"c14.2L.3_9","3_9"
"X","3_9",15,1877501,1879401,14038747,14159759,68.2666666666667,97,734,145,0,14077980,4.72160350068634e-05,"c13.X.3_9","3_9"
"2R","3_9",15,687601,689501,14313523,14386872,58.7333333333333,76,736,65,5,14355560,1.5285900438533e-07,"c17.2R.3_9","3_9"
"X","3_9",57,1882401,1889501,14368419,14821939,61.609634551495,108,2160,427,187,14754763,6.12143724234637e-07,"c14.X.3_9","3_9"
"2R","3_9",44,689801,695001,14400076,14625933,63.8636363636364,95,2040,295,60,14423027,5.27579320178698e-07,"c18.2R.3_9","3_9"
"3L","3_9",85,1149901,1159401,14452251,14954154,94.4941176470588,187,4964,1054,320,14814520,2.68180904142351e-07,"c18.3L.3_9","3_9"
"2R","3_9",33,698801,703201,14795880,15029327,49.1818181818182,78,1286,110,39,15014598,3.48845000569286e-06,"c19.2R.3_9","3_9"
"X","3_9",6,1890401,1891401,14882621,14956513,52.8333333333333,60,207,55,0,14916219,4.73469823007232e-05,"c15.X.3_9","3_9"
"3L","3_9",17,1159601,1162501,14964459,15109742,56.5083333333333,74,632,113,20,15017230,8.33565258941103e-06,"c19.3L.3_9","3_9"
"2L","3_9",27,344201,347701,15148038,15313418,47.4814814814815,63,1073,82,15,15175093,4.33257113454566e-06,"c15.2L.3_9","3_9"
"X","3_9",50,1895601,1901101,15300984,15814871,66.3,172,2691,240,48,15666604,2.98005567015499e-08,"c16.X.3_9","3_9"
"2R","3_9",55,711001,718101,15423117,15882485,57.3818181818182,118,2517,267,35,15534548,1.72438523078486e-07,"c20.2R.3_9","3_9"
"2L","3_9",103,353701,366601,15612232,16363327,54.5339805825243,104,4311,365,192,16220051,4.05746199555291e-07,"c16.2L.3_9","3_9"
"3L","3_9",16,1173801,1175801,15702571,15787676,44,59,636,34,0,15765493,0.000148023403770173,"c20.3L.3_9","3_9"
"3L","3_9",33,1176701,1180401,15849870,16052896,71.7575757575758,129,1801,246,25,15949711,5.87354223372082e-06,"c21.3L.3_9","3_9"
"2R","3_9",11,719201,720801,15940232,16040068,45.3636363636364,56,425,37,0,16013148,6.90682398047232e-05,"c21.2R.3_9","3_9"
"2R","3_9",5,722201,723101,16101439,16136141,45.6,52,200,14,0,16118508,0.000139236593826306,"c22.2R.3_9","3_9"
"3L","3_9",28,1183701,1188101,16253689,16469605,63.6608187134503,104,1585,112,23,16334590,1.53803169140303e-05,"c22.3L.3_9","3_9"
"X","3_9",5,1905901,1906801,16274405,16336970,45.6,55,180,24,0,16298715,3.5784042700701e-05,"c17.X.3_9","3_9"
"3R","3_9",25,1501201,1505301,16635760,16852093,49.36,71,989,121,1,16846472,1.55998061621419e-05,"c19.3R.3_9","3_9"
"2L","3_9",57,374001,382301,16678291,17179574,50.7457142857143,78,2222,258,54,17052653,2.71389240975241e-07,"c17.2L.3_9","3_9"
"2R","3_9",52,737801,745901,16775297,17056807,54.7793650793651,100,2235,268,90,16984918,3.91561965891761e-06,"c23.2R.3_9","3_9"
"3L","3_9",68,1194701,1203501,16860951,17411143,53.1778309409888,92,3247,195,78,16977942,5.28942506952204e-07,"c23.3L.3_9","3_9"
"X","3_9",42,1915901,1926601,16981469,17851755,62.9781746031746,104,2119,208,26,17632573,3.07014393446531e-06,"c18.X.3_9","3_9"
"2L","3_9",33,384801,389301,17322808,17566489,62.0152173913043,106,1548,212,60,17540830,1.11665400949669e-06,"c18.2L.3_9","3_9"
"3R","3_9",26,1515801,1520701,17357606,17635967,77.3461538461538,134,1446,185,65,17383805,3.42665580826714e-10,"c20.3R.3_9","3_9"
"2R","3_9",91,754801,767101,17407689,17895427,51.6323529411765,116,3605,555,68,17835649,3.91704204317183e-06,"c24.2R.3_9","3_9"
"3L","3_9",16,1203801,1205801,17435998,17591572,48.625,60,728,25,0,17446614,5.52739570297018e-05,"c24.3L.3_9","3_9"
"3R","3_9",8,1521301,1522501,17662081,17715142,37.5,50,268,16,0,17703652,0.000158159288097427,"c21.3R.3_9","3_9"
"2L","3_9",113,392001,403701,17709791,18429539,113.955752212389,269,7084,1584,875,17935202,4.60519458257669e-08,"c19.2L.3_9","3_9"
"3L","3_9",17,1208901,1211001,17800589,17954361,72,100,828,168,20,17834138,4.48290043667951e-07,"c25.3L.3_9","3_9"
"2R","3_9",9,768601,770001,17948112,17999210,45.5555555555556,56,306,52,0,17994775,3.10515245782496e-05,"c25.2R.3_9","3_9"
"X","3_9",35,1929301,1933401,18096371,18427514,57.9142857142857,120,1825,71,20,18289027,3.80390103313934e-06,"c19.X.3_9","3_9"
"2R","3_9",15,781301,783301,18477381,18567115,57.3333333333333,90,632,114,0,18505442,3.23355423529341e-05,"c26.2R.3_9","3_9"
"2L","3_9",134,406201,420501,18568499,19511096,130.917910447761,329,10101,1396,1550,19191188,9.10962730103096e-14,"c20.2L.3_9","3_9"
"2R","3_9",89,783501,793301,18576859,19012187,67.8202247191011,134,4054,847,96,18889185,2.02261022351083e-06,"c27.2R.3_9","3_9"
"3L","3_9",9,1229401,1230701,18834363,18893890,57.5555555555556,80,456,31,0,18863452,3.0819241988757e-05,"c26.3L.3_9","3_9"
"3L","3_9",11,1231201,1232701,18923520,19003043,49.8181818181818,61,418,65,0,18949004,3.37600468794035e-05,"c27.3L.3_9","3_9"
"X","3_9",23,1939901,1943301,19014613,19330312,48.3478260869565,65,832,110,20,19150773,9.16055639506929e-06,"c20.X.3_9","3_9"
"2R","3_9",42,793601,802401,19026215,19429390,71.5514705882353,145,2102,440,45,19060226,3.82021754529063e-07,"c28.2R.3_9","3_9"
"3L","3_9",31,1235701,1239701,19198083,19444114,49.3870967741936,76,1408,39,15,19359958,6.41684934941843e-06,"c28.3L.3_9","3_9"
"X","3_9",49,1944101,1950401,19398608,19941701,70.3265306122449,167,1890,394,256,19704178,3.27375836962438e-09,"c21.X.3_9","3_9"
"2R","3_9",105,806801,827101,19608292,21079174,63.2053362573099,170,5150,759,459,21059871,1.45596320625199e-12,"c29.2R.3_9","3_9"
"2L","3_9",154,422601,439501,19682424,20817252,126.785714285714,281,9458,2536,1665,20119948,2.73637258784803e-08,"c21.2L.3_9","3_9"
"X","3_9",4,1955501,1956301,20411235,20462611,45.75,50,149,11,4,20431025,1.46453982456089e-05,"c22.X.3_9","3_9"
"X","3_9",106,1956501,1968301,20473920,21433085,100.254716981132,382,6526,1212,559,20723831,1.45097458548332e-08,"c23.X.3_9","3_9"
"3L","3_9",56,1248301,1259301,20479698,21889996,50.0040650406504,81,2169,150,96,21847030,1.1168906402998e-07,"c29.3L.3_9","3_9"
"2L","3_9",85,443201,453401,21187841,22921279,93.1058823529412,348,5717,794,203,22917559,1.50222254464385e-12,"c22.2L.3_9","3_9"
"X","3_9",37,1968901,1973201,21464974,22134742,159.297297297297,399,3749,345,485,21933683,6.91316627972036e-11,"c24.X.3_9","3_9"
"3R","3_9",53,1598901,1607701,21946541,22371310,52.9042553191489,77,1696,406,29,22106413,3.52077434497593e-06,"c22.3R.3_9","3_9"
"3L","3_9",12,1265401,1267301,22654694,22963708,73.5,117,617,125,5,22899829,2.54942166089019e-05,"c30.3L.3_9","3_9"
"3L","3_9",37,1268501,1272601,23199557,24420223,69,133,2538,0,5,24307595,3.60761700483817e-07,"c31.3L.3_9","3_9"
"3R","3_9",16,1687801,1693301,26061644,26288996,47.6666666666667,59,649,46,5,26272928,3.74141943260705e-06,"c23.3R.3_9","3_9"
"3R","3_9",19,1695001,1713301,26341622,27141644,49.8388888888889,75,856,65,0,26374625,3.90153599857085e-05,"c24.3R.3_9","3_9"
"3R","3_9",55,1714301,1720601,27190828,27777186,124.836363636364,268,3549,1057,401,27505206,1.22579832290999e-07,"c25.3R.3_9","3_9"
"2L","5_12",15,1,1901,5390,339514,346.9333333,507,1935,151,989,36631,2.21e-13,"c1.2L.5_12","5_12"
"3R","5_12",23,1272701,1275401,17541,720932,387.173913,480,5450,367,907,442316,8.41e-17,"c1.3R.5_12","5_12"
"X","5_12",19,1720701,1723001,21022,564079,473.2105263,614,3577,727,1320,147853,1.39e-12,"c1.X.5_12","5_12"
"2R","5_12",7,453501,454601,28422,506647,328.8571429,419,1763,85,123,88431,1.55e-14,"c1.2R.5_12","5_12"
"3L","5_12",9,828401,829701,294087,396000,320,370,1764,210,232,355805,9.18e-08,"c1.3L.5_12","5_12"
"X","5_12",82,1723901,1733701,645038,1970511,449.2682927,870,13969,1915,6347,1192821,4.87e-16,"c2.X.5_12","5_12"
"3L","5_12",15,836601,838701,734058,833266,391.7333333,496,1778,423,1084,800901,2.91e-10,"c2.3L.5_12","5_12"
"3R","5_12",135,1275601,1290401,758099,2677143,369.6296296,508,20991,3596,7239,1033632,5.08e-14,"c2.3R.5_12","5_12"
"2R","5_12",61,456801,463301,870377,1605534,447.9508197,624,11847,1742,3998,974467,1.64e-12,"c2.2R.5_12","5_12"
"3L","5_12",23,840401,843601,896189,1024133,288.2173913,350,2719,557,932,958644,5.93e-10,"c3.3L.5_12","5_12"
"3L","5_12",20,846801,849201,1173304,1267910,297.8,335,2585,553,755,1190548,1.76e-07,"c4.3L.5_12","5_12"
"2L","5_12",6,18501,19501,1185501,1229403,302.8333333,336,662,198,253,1193293,2.2e-06,"c2.2L.5_12","5_12"
"2L","5_12",20,21901,24401,1316173,1418460,319.7,393,2239,1224,569,1334155,3.8e-08,"c3.2L.5_12","5_12"
"2L","5_12",20,24701,27201,1430219,1523546,310.8,357,2120,1166,588,1437070,5.6e-09,"c4.2L.5_12","5_12"
"2L","5_12",9,28701,30001,1591964,1638649,303.8888889,352,1218,325,289,1622732,3.95e-07,"c5.2L.5_12","5_12"
"3L","5_12",34,859201,863301,1639433,1836215,340.0294118,427,4182,1117,1715,1815142,3.67e-11,"c5.3L.5_12","5_12"
"2L","5_12",6,31501,32501,1709673,1745855,360.8333333,409,873,238,272,1716770,4.24e-10,"c6.2L.5_12","5_12"
"2L","5_12",5,32901,33801,1762753,1825927,307,330,666,82,235,1789258,1.89e-07,"c7.2L.5_12","5_12"
"2R","5_12",190,465601,485401,1831941,3776332,384.2,637,28729,6620,10343,2917489,1.11e-14,"c3.2R.5_12","5_12"
"3L","5_12",21,863501,866701,1843145,1980532,350.8571429,460,2063,521,1421,1898677,2.4e-10,"c6.3L.5_12","5_12"
"2L","5_12",7,36401,37501,1931216,1973363,287.4285714,321,660,166,340,1950514,5.33e-09,"c8.2L.5_12","5_12"
"3L","5_12",9,868301,869601,2051434,2124293,349.2222222,418,1217,285,452,2100429,1.83e-07,"c7.3L.5_12","5_12"
"X","5_12",6,1734401,1735401,2065487,2176892,317.8333333,384,938,111,249,2136315,1.49e-07,"c3.X.5_12","5_12"
"2L","5_12",48,41001,47501,2150092,2452755,396.2083333,591,4402,1311,3998,2348742,1.54e-09,"c9.2L.5_12","5_12"
"X","5_12",103,1735801,1747801,2220865,3190668,355.2718447,480,14665,2882,5388,2579367,1.64e-11,"c4.X.5_12","5_12"
"3L","5_12",10,873601,875001,2283305,2335995,310.5,359,1037,221,542,2311408,2.45e-08,"c8.3L.5_12","5_12"
"3L","5_12",4,876301,877101,2376817,2402220,296.75,315,509,63,184,2389862,2.66e-09,"c9.3L.5_12","5_12"
"2L","5_12",15,47901,50801,2475211,2596823,333.0277778,480,1577,661,746,2506705,1.44e-11,"c10.2L.5_12","5_12"
"3L","5_12",58,878801,887201,2478249,2826586,341.5862069,551,6881,1763,3135,2796759,8.93e-11,"c10.3L.5_12","5_12"
"3R","5_12",18,1290701,1293301,2700405,3005407,298.1111111,324,2435,468,665,2926689,1.4e-10,"c3.3R.5_12","5_12"
"3L","5_12",7,887901,889001,2856253,2899775,323.7142857,377,801,176,371,2885724,1.19e-09,"c11.3L.5_12","5_12"
"2L","5_12",8,57701,59001,2875744,2932934,285.625,317,969,301,238,2921364,8.23e-06,"c11.2L.5_12","5_12"
"2L","5_12",9,60501,61801,3016287,3088780,291.1111111,311,1261,276,269,3018613,2.54e-09,"c12.2L.5_12","5_12"
"3L","5_12",8,892201,893401,3031281,3103903,334.25,427,801,347,393,3037761,4.38e-06,"c12.3L.5_12","5_12"
"3R","5_12",160,1294201,1311001,3123437,4880003,359.55,484,25468,3769,8174,4085071,8.12e-13,"c4.3R.5_12","5_12"
"2L","5_12",11,64301,65801,3180689,3240800,339.0909091,409,1224,395,572,3219808,1.17e-07,"c13.2L.5_12","5_12"
"2L","5_12",6,67101,68101,3287864,3326599,299.6666667,324,837,248,155,3305408,5.72e-08,"c14.2L.5_12","5_12"
"X","5_12",26,1750701,1756001,3430077,3874720,377.6142857,650,3508,612,1897,3542015,6.56e-10,"c5.X.5_12","5_12"
"3L","5_12",10,904701,906301,3637685,3718690,310.8,351,1024,514,352,3687500,3.73e-10,"c13.3L.5_12","5_12"
"3L","5_12",15,907301,909501,3758854,3838818,310.8,377,1822,553,578,3800709,6.44e-07,"c14.3L.5_12","5_12"
"2R","5_12",21,485801,488301,3798738,4007481,348.0952381,461,2741,690,1063,3925700,2.27e-09,"c4.2R.5_12","5_12"
"3L","5_12",18,910501,913201,3883042,3997530,343.6111111,419,1793,600,1064,3968573,2.42e-08,"c15.3L.5_12","5_12"
"2L","5_12",9,84901,88201,3949157,4072292,304.5,369,1014,522,241,4045939,4.11e-08,"c15.2L.5_12","5_12"
"X","5_12",7,1758101,1759201,4066596,4143913,340.4285714,399,795,338,304,4113328,3.72e-12,"c6.X.5_12","5_12"
"3L","5_12",29,916101,920201,4118623,4315141,338.4137931,432,4201,1227,1053,4164600,4.76e-09,"c16.3L.5_12","5_12"
"2R","5_12",102,490301,501201,4158260,4927290,375.4411765,564,16088,3284,5213,4481359,2.22e-12,"c5.2R.5_12","5_12"
"X","5_12",5,1759401,1760301,4158538,4241677,282.4,311,761,159,111,4199682,1.17e-07,"c7.X.5_12","5_12"
"X","5_12",6,1760601,1761601,4261385,4329475,310,375,863,185,209,4282991,4.35e-11,"c8.X.5_12","5_12"
"3L","5_12",13,920901,923201,4353838,4462302,301.4615385,340,1625,340,538,4368256,1.83e-08,"c17.3L.5_12","5_12"
"3L","5_12",11,923401,925101,4472866,4549254,302.4545455,342,1996,277,259,4472895,4.2e-07,"c18.3L.5_12","5_12"
"3L","5_12",12,926001,927601,4596731,4655472,293.1666667,319,1566,529,298,4614319,1.94e-08,"c19.3L.5_12","5_12"
"3L","5_12",5,927801,928701,4663350,4700793,309,322,721,160,168,4665088,8.64e-07,"c20.3L.5_12","5_12"
"3L","5_12",6,929601,930601,4738985,4784867,339.3333333,367,655,314,251,4776971,2.25e-07,"c21.3L.5_12","5_12"
"3L","5_12",5,931901,932801,4842555,4908802,292.4,320,567,152,197,4868167,9.77e-07,"c22.3L.5_12","5_12"
"3L","5_12",75,934101,943701,4969457,5403401,309.7733333,410,8809,2079,3422,5390024,3.7e-11,"c23.3L.5_12","5_12"
"2R","5_12",13,502201,504301,5007060,5151896,337.0769231,449,1751,552,509,5052867,2.23e-08,"c6.2R.5_12","5_12"
"3R","5_12",38,1313701,1317901,5119239,5577271,344.8947368,472,6062,660,1908,5397604,1.22e-11,"c5.3R.5_12","5_12"
"3L","5_12",23,944101,946801,5422589,5542152,294.6521739,422,2767,484,1014,5429792,4.51e-09,"c24.3L.5_12","5_12"
"2R","5_12",11,509801,511401,5532118,5642783,290.6363636,319,2215,71,280,5586408,2.61e-08,"c7.2R.5_12","5_12"
"X","5_12",13,1777901,1780101,5601054,5746859,318.6923077,381,2017,289,516,5716514,2.56e-07,"c9.X.5_12","5_12"
"2R","5_12",21,511601,514101,5653018,5829197,359.6666667,433,3367,515,1052,5711359,3.5e-09,"c8.2R.5_12","5_12"
"3R","5_12",45,1319801,1325601,5764845,6314764,338.0222222,448,7158,911,2077,6126216,6.65e-11,"c6.3R.5_12","5_12"
"X","5_12",11,1781101,1782601,5848360,5936764,309.5454545,362,1730,263,383,5905372,3.38e-07,"c10.X.5_12","5_12"
"2L","5_12",12,131601,133201,5912525,5969809,346.4166667,486,1325,426,660,5963298,6.06e-08,"c16.2L.5_12","5_12"
"2L","5_12",7,133501,135001,5983814,6043887,308,351,899,246,255,6008550,8.43e-08,"c17.2L.5_12","5_12"
"2R","5_12",14,519101,521301,6133912,6228174,281.8571429,328,1707,347,515,6147215,9.05e-09,"c9.2R.5_12","5_12"
"2L","5_12",21,138701,141701,6201509,6312825,278.5238095,320,2808,562,639,6282272,2.41e-08,"c18.2L.5_12","5_12"
"2R","5_12",19,521801,524801,6249626,6376518,280,312,2322,374,750,6330185,1.04e-11,"c10.2R.5_12","5_12"
"X","5_12",60,1787201,1793701,6346814,6868711,364.0833333,536,8647,2657,2628,6797793,3.97e-11,"c11.X.5_12","5_12"
"3L","5_12",19,963701,966001,6381010,6513162,328.2105263,396,2647,422,915,6442993,3.74e-07,"c25.3L.5_12","5_12"
"3R","5_12",3,1329001,1329701,6559236,6609946,295.6666667,309,270,157,101,6565889,4.34e-07,"c7.3R.5_12","5_12"
"3L","5_12",10,968201,969601,6597921,6664934,317.7,342,1102,259,519,6629530,5e-08,"c26.3L.5_12","5_12"
"3R","5_12",274,1331501,1361601,6757375,9022870,413.6861314,741,43907,6661,18707,8383093,1.98e-14,"c8.3R.5_12","5_12"
"3L","5_12",10,976501,978201,7000720,7066710,302,384,917,237,543,7018643,4.26e-07,"c27.3L.5_12","5_12"
"X","5_12",11,1795801,1797701,7099977,7318859,296.0909091,327,2112,145,285,7125495,5.96e-09,"c12.X.5_12","5_12"
"2R","5_12",37,542301,546701,7249343,7442097,309.4594595,373,5716,1082,1190,7299834,1.43e-09,"c11.2R.5_12","5_12"
"2L","5_12",10,164801,166201,7289359,7359590,290.7,331,1350,435,229,7329612,2.32e-06,"c19.2L.5_12","5_12"
"3L","5_12",18,985401,988001,7358785,7460886,303,361,1885,622,775,7438305,3.28e-08,"c28.3L.5_12","5_12"
"X","5_12",5,1799001,1799901,7484197,7594641,307.2,334,826,112,162,7513829,3.42e-09,"c13.X.5_12","5_12"
"2R","5_12",150,548201,565001,7519846,8429458,396.4733333,688,19787,5844,9332,8228461,3.42e-12,"c12.2R.5_12","5_12"
"3L","5_12",7,990101,991301,7544137,7600923,281.4285714,309,849,223,225,7594953,1.17e-07,"c29.3L.5_12","5_12"
"2L","5_12",12,172401,174501,7579760,7648203,323.5833333,363,1809,356,454,7583366,3.43e-13,"c20.2L.5_12","5_12"
"X","5_12",13,1800101,1801801,7609646,7728978,352,456,2010,407,584,7666873,5.68e-07,"c14.X.5_12","5_12"
"3L","5_12",37,991501,995701,7610494,7800731,337.2702703,432,3454,1232,2187,7773621,7.2e-09,"c30.3L.5_12","5_12"
"2L","5_12",34,174801,178801,7660732,7823121,383.4705882,514,4787,1490,1757,7719857,1.02e-09,"c21.2L.5_12","5_12"
"3L","5_12",19,996201,999001,7825131,7940868,281.0526316,323,2290,739,524,7841366,7.08e-10,"c31.3L.5_12","5_12"
"3L","5_12",21,999201,1002601,7947817,8088677,302.5714286,365,2419,835,755,7989125,9.32e-10,"c32.3L.5_12","5_12"
"3L","5_12",38,1002901,1007901,8115811,8382983,350.8684211,501,5079,1301,1884,8357893,2.07e-10,"c33.3L.5_12","5_12"
"2L","5_12",11,190601,192301,8335547,8398224,286.1818182,319,1200,245,486,8336843,6.04e-11,"c22.2L.5_12","5_12"
"3L","5_12",75,1008401,1017401,8407439,8793732,334.7866667,578,10644,2713,3013,8424621,1.96e-10,"c34.3L.5_12","5_12"
"2L","5_12",8,192701,194401,8423804,8505088,292.125,329,851,206,358,8465021,8.1e-12,"c23.2L.5_12","5_12"
"2R","5_12",16,565801,567901,8462883,8557332,331.375,436,2380,576,590,8495049,7.95e-09,"c13.2R.5_12","5_12"
"2L","5_12",7,196701,197801,8619306,8661719,310.4285714,351,961,156,300,8643896,2.47e-09,"c24.2L.5_12","5_12"
"2R","5_12",7,570501,572001,8672133,8770199,289.7142857,311,1055,167,213,8724848,6.17e-08,"c14.2R.5_12","5_12"
"3L","5_12",437,1018001,1065601,8812166,10784190,351.6407323,571,59852,12991,22611,9658324,7.58e-15,"c35.3L.5_12","5_12"
"2L","5_12",10,201701,205401,8827582,8967425,297.6190476,366,1342,458,266,8842340,1.8e-07,"c25.2L.5_12","5_12"
"2R","5_12",5,574001,574901,8861544,8900649,294.8,323,827,103,147,8872992,1.33e-07,"c15.2R.5_12","5_12"
"X","5_12",15,1820301,1822401,9125628,9298932,278.8666667,312,1636,318,637,9188775,5.62e-15,"c15.X.5_12","5_12"
"2R","5_12",23,580401,583601,9156230,9280603,363.2608696,561,3070,610,1355,9174527,1.05e-09,"c16.2R.5_12","5_12"
"3R","5_12",493,1364001,1414901,9162991,11942860,414.9634888,713,73188,16631,32709,9400246,5.28e-15,"c9.3R.5_12","5_12"
"X","5_12",7,1823301,1824401,9411901,9497516,284.1428571,320,894,201,231,9442044,1.91e-07,"c16.X.5_12","5_12"
"2L","5_12",4,220601,221401,9531831,9561278,315.5,338,780,70,114,9550178,8.29e-07,"c26.2L.5_12","5_12"
"2L","5_12",3,226501,227201,9764699,9797289,313,326,460,106,89,9775638,5.9e-06,"c27.2L.5_12","5_12"
"2L","5_12",135,229701,245501,9894905,10552771,330.7777778,423,16204,4258,6645,10029237,6.77e-12,"c28.2L.5_12","5_12"
"2R","5_12",20,601001,603401,10004384,10149267,391.95,493,3046,763,1089,10073377,2.94e-09,"c17.2R.5_12","5_12"
"X","5_12",6,1831901,1832901,10070363,10128539,291.1666667,316,1121,88,150,10079564,3.58e-06,"c17.X.5_12","5_12"
"2R","5_12",25,603701,607001,10169046,10319990,332.12,437,3777,625,1092,10254383,1.46e-11,"c18.2R.5_12","5_12"
"X","5_12",45,1833501,1839301,10192312,10766485,353.4888889,445,6207,1733,2078,10524881,3.65e-17,"c18.X.5_12","5_12"
"2R","5_12",9,607701,609601,10343600,10440858,287.1,307,1341,259,241,10438761,2.97e-08,"c19.2R.5_12","5_12"
"2R","5_12",28,610301,613901,10470804,10628163,293.9642857,374,4410,769,761,10506619,9.83e-08,"c20.2R.5_12","5_12"
"2R","5_12",44,614401,619501,10658041,10928914,441.2045455,705,7625,1274,3080,10728161,1.95e-09,"c21.2R.5_12","5_12"
"2L","5_12",38,248501,253701,10685564,10902661,339.2631579,455,4457,1351,1911,10855581,2.16e-08,"c29.2L.5_12","5_12"
"X","5_12",19,1839501,1842201,10778770,10966087,294.0526316,337,2772,800,405,10808766,1.06e-07,"c19.X.5_12","5_12"
"3L","5_12",317,1066301,1099101,10812009,12116851,411.7444795,672,44288,10620,21665,11346655,1.01e-17,"c36.3L.5_12","5_12"
"2L","5_12",6,255701,256701,11002886,11051440,318.3333333,349,603,244,273,11009912,6.79e-06,"c30.2L.5_12","5_12"
"X","5_12",22,1842901,1845501,11044392,11246192,367.1363636,473,3093,734,1172,11154501,1.74e-09,"c20.X.5_12","5_12"
"2R","5_12",13,624101,625801,11195640,11311146,295.0769231,318,1713,571,327,11293926,4.75e-07,"c22.2R.5_12","5_12"
"2L","5_12",7,261701,262801,11298992,11342223,300,346,1171,268,131,11311715,9.36e-09,"c31.2L.5_12","5_12"
"2L","5_12",18,263701,266401,11373986,11484507,284.8888889,339,2977,459,411,11386545,2.26e-07,"c32.2L.5_12","5_12"
"2L","5_12",9,269801,271101,11630421,11687798,330.7777778,386,1069,348,404,11644598,5.64e-09,"c33.2L.5_12","5_12"
"3R","5_12",50,1416201,1422001,12031709,12500015,348.5,497,8043,1709,1988,12243497,1.59e-09,"c10.3R.5_12","5_12"
"3L","5_12",6,1099401,1100501,12128374,12177157,298.8333333,315,904,155,193,12151999,8.29e-13,"c37.3L.5_12","5_12"
"3L","5_12",20,1100701,1103501,12185160,12301029,314.8,377,2711,537,837,12221460,1.21e-09,"c38.3L.5_12","5_12"
"X","5_12",13,1857501,1859601,12408279,12597599,307,346,1723,399,490,12411245,1.8e-08,"c21.X.5_12","5_12"
"3L","5_12",94,1108201,1119301,12482961,12965069,318.4148936,451,14061,2151,3856,12816473,1.23e-12,"c39.3L.5_12","5_12"
"3R","5_12",32,1422601,1426801,12537671,12788106,341.6875,447,5138,1083,1210,12706610,4.03e-08,"c11.3R.5_12","5_12"
"2R","5_12",5,651201,652101,12542893,12581186,313.4,335,823,162,140,12557829,8.59e-07,"c23.2R.5_12","5_12"
"2L","5_12",103,290401,301501,12546706,13081471,415.0679612,704,18960,2404,6328,12889882,2.05e-15,"c34.2L.5_12","5_12"
"2R","5_12",12,652401,655101,12598073,12715671,278.8333333,307,1742,349,302,12671735,6.39e-08,"c24.2R.5_12","5_12"
"X","5_12",6,1859901,1860901,12615254,12692181,310,332,791,161,249,12661950,1.32e-07,"c22.X.5_12","5_12"
"3R","5_12",85,1427501,1439101,12837554,13443108,346.7882353,581,11784,2242,4403,13181560,3.44e-12,"c12.3R.5_12","5_12"
"2R","5_12",4,659001,659801,12902128,12968258,287.75,303,751,119,54,12937908,4.32e-05,"c25.2R.5_12","5_12"
"3L","5_12",98,1119801,1131401,12985535,13506625,337.5306122,464,12329,2984,4927,13029201,1.71e-11,"c40.3L.5_12","5_12"
"2L","5_12",4,301801,302601,13093519,13123021,314.25,321,671,65,152,13105599,2.77e-09,"c35.2L.5_12","5_12"
"2R","5_12",16,664301,666501,13201871,13329359,292.8125,342,2678,351,435,13259016,6.22e-08,"c26.2R.5_12","5_12"
"2L","5_12",59,304901,311501,13239890,13585438,336.8305085,462,7024,1635,3193,13495647,2.16e-11,"c36.2L.5_12","5_12"
"3R","5_12",28,1439301,1443001,13451789,13643834,327.2142857,451,4174,601,1262,13519429,4.52e-10,"c13.3R.5_12","5_12"
"3L","5_12",113,1131701,1144501,13536400,14196133,336.4867257,566,18462,2627,4769,14176251,1.13e-10,"c41.3L.5_12","5_12"
"2R","5_12",8,670501,672001,13541247,13606643,283.375,315,1210,194,223,13589956,4.14e-07,"c27.2R.5_12","5_12"
"2L","5_12",19,312301,314601,13624892,13737627,311.6315789,368,2837,348,796,13643354,2.81e-13,"c37.2L.5_12","5_12"
"3R","5_12",5,1443401,1444301,13660768,13698264,280.6,300,628,110,185,13662500,7.18e-07,"c14.3R.5_12","5_12"
"3R","5_12",265,1445601,1472701,13767977,15063240,373.3811321,596,39983,7178,14869,14706323,7.13e-15,"c15.3R.5_12","5_12"
"2R","5_12",4,677701,678501,13843690,13879816,279.5,299,512,96,138,13864286,2.77e-08,"c28.2R.5_12","5_12"
"2L","5_12",17,316801,319001,13850759,13946297,309.5294118,371,2420,578,562,13919608,1.7e-08,"c38.2L.5_12","5_12"
"2R","5_12",8,679201,680701,13921462,13993439,319.625,379,1069,210,356,13936022,1.52e-09,"c29.2R.5_12","5_12"
"X","5_12",4,1876401,1877201,13935279,14015043,288.75,303,480,186,101,13970028,1.38e-05,"c23.X.5_12","5_12"
"2L","5_12",11,321101,323101,14030533,14130619,305.5454545,375,1671,263,388,14031861,3.8e-07,"c39.2L.5_12","5_12"
"2R","5_12",5,682101,683001,14077082,14113523,309.8,335,631,153,204,14083373,1.78e-10,"c30.2R.5_12","5_12"
"3L","5_12",57,1144801,1152101,14205943,14562286,306.2982456,408,8479,1115,2250,14371933,8.34e-10,"c42.3L.5_12","5_12"
"2R","5_12",6,685601,686601,14222065,14275550,359.8333333,420,866,195,301,14261272,5.42e-10,"c31.2R.5_12","5_12"
"2L","5_12",70,327001,335001,14322171,14688871,331.8857143,477,11847,1383,2873,14425143,9.72e-16,"c40.2L.5_12","5_12"
"3L","5_12",17,1152401,1154801,14573572,14688712,299,345,2274,425,653,14646939,1.56e-07,"c43.3L.5_12","5_12"
"3L","5_12",16,1155101,1157601,14709104,14854608,289.25,335,2586,460,374,14792067,1.86e-12,"c44.3L.5_12","5_12"
"2R","5_12",32,699701,713601,14843173,15573732,306.9555556,382,4103,1032,1205,14858243,4.56e-11,"c32.2R.5_12","5_12"
"3L","5_12",8,1157801,1159001,14865608,14931506,312.375,334,1620,168,181,14897103,6.48e-11,"c45.3L.5_12","5_12"
"2L","5_12",19,339301,341701,14918130,15038667,323.8421053,402,2455,805,696,14992885,2.15e-07,"c41.2L.5_12","5_12"
"3L","5_12",9,1160201,1162001,14994786,15072557,294.5555556,316,1314,172,331,15005173,2.93e-10,"c46.3L.5_12","5_12"
"2L","5_12",58,342201,349201,15061513,15378147,320.6206897,434,7884,1933,2282,15102601,3e-09,"c42.2L.5_12","5_12"
"3R","5_12",9,1474101,1475401,15127773,15189659,308.8888889,362,1362,178,354,15168090,1.88e-09,"c16.3R.5_12","5_12"
"3L","5_12",66,1163601,1172101,15178174,15629815,358.7272727,558,9167,1565,3793,15262559,3.15e-11,"c47.3L.5_12","5_12"
"3R","5_12",17,1476601,1478701,15249805,15349195,356.0588235,492,2407,461,908,15304728,5.87e-08,"c17.3R.5_12","5_12"
"3R","5_12",10,1479001,1481001,15362701,15444748,281.5,321,1452,194,325,15398232,2.83e-08,"c18.3R.5_12","5_12"
"3R","5_12",12,1482601,1484501,15543027,15662801,309.3333333,373,2224,312,288,15644707,4.71e-08,"c19.3R.5_12","5_12"
"X","5_12",8,1899101,1900301,15564403,15695557,323.75,370,1286,202,300,15666604,2.08e-07,"c24.X.5_12","5_12"
"3L","5_12",313,1172401,1204901,15642535,17520054,393.5527157,547,48923,7761,19579,17034062,2.1e-18,"c48.3L.5_12","5_12"
"3R","5_12",9,1484701,1487001,15671209,15798303,280.5555556,302,1572,169,205,15785852,6.69e-08,"c20.3R.5_12","5_12"
"2R","5_12",6,716001,717001,15765467,15821004,284.1666667,308,896,220,123,15790692,1.44e-07,"c33.2R.5_12","5_12"
"2L","5_12",11,355701,357201,15771936,15847268,290.1818182,333,1875,258,267,15793033,1.27e-08,"c43.2L.5_12","5_12"
"3R","5_12",9,1487301,1488601,15814527,15882866,321.7777778,394,1333,339,295,15855684,2.15e-09,"c21.3R.5_12","5_12"
"3R","5_12",19,1489301,1491601,15919062,16036858,332.5263158,400,2918,572,752,16015529,2.96e-10,"c22.3R.5_12","5_12"
"2L","5_12",6,359301,360301,15978327,16042276,299.3333333,328,771,208,203,16020308,6.07e-09,"c44.2L.5_12","5_12"
"3R","5_12",56,1491801,1498601,16043360,16473459,359.3392857,563,9309,1426,2654,16241132,1.35e-09,"c23.3R.5_12","5_12"
"2L","5_12",57,361501,368701,16101806,16440586,345.9473684,552,6589,2821,2496,16210957,1.08e-09,"c45.2L.5_12","5_12"
"X","5_12",10,1907901,1909301,16439912,16565406,313,353,1707,203,339,16506445,4.62e-07,"c25.X.5_12","5_12"
"3R","5_12",114,1499101,1512401,16504378,17199199,389.1403509,640,18879,2876,6577,16815965,2.03e-11,"c24.3R.5_12","5_12"
"2L","5_12",48,373601,378801,16655292,16971662,345.6666667,485,7171,1478,2155,16756374,5.08e-10,"c46.2L.5_12","5_12"
"2L","5_12",48,379001,384401,16988888,17301759,380.4166667,645,8255,1194,2539,17059648,2.27e-11,"c47.2L.5_12","5_12"
"2R","5_12",6,746501,747501,17082716,17119472,328.1666667,361,655,276,254,17102901,2.6e-09,"c34.2R.5_12","5_12"
"2R","5_12",6,749101,750601,17172225,17245977,283.3333333,310,755,162,207,17191745,3.05e-08,"c35.2R.5_12","5_12"
"X","5_12",12,1918901,1921001,17189741,17322554,325.3333333,364,1788,425,422,17216063,1.32e-08,"c26.X.5_12","5_12"
"2L","5_12",176,384601,403601,17312418,18423679,392.0681818,722,26767,5289,10553,17844818,1.87e-15,"c48.2L.5_12","5_12"
"3R","5_12",3,1516601,1517301,17392651,17451021,288.3333333,301,632,34,55,17402229,2.63e-07,"c25.3R.5_12","5_12"
"3R","5_12",28,1517501,1520701,17464736,17635967,379.8571429,540,5562,638,1266,17533954,1.99e-10,"c26.3R.5_12","5_12"
"3L","5_12",220,1205101,1228701,17540639,18793182,440,679,31434,7732,16634,18130525,7.08e-14,"c49.3L.5_12","5_12"
"3R","5_12",29,1521101,1525401,17651239,17858245,294.7586207,351,4153,984,809,17815565,1.64e-07,"c27.3R.5_12","5_12"
"2R","5_12",12,760501,762101,17664724,17727516,370.5833333,486,1395,449,718,17694718,9.52e-09,"c36.2R.5_12","5_12"
"3R","5_12",5,1526201,1527101,17894422,17936791,336.2,357,623,214,210,17927291,1.97e-07,"c28.3R.5_12","5_12"
"3R","5_12",12,1527301,1529901,17943353,18109137,275.8333333,308,1712,367,288,17997177,1.16e-08,"c29.3R.5_12","5_12"
"X","5_12",3,1928901,1929601,18051968,18133971,291.3333333,315,449,139,49,18103935,4.74e-05,"c27.X.5_12","5_12"
"3R","5_12",12,1532601,1534901,18254678,18390560,300.5833333,399,1674,239,485,18287288,1.95e-08,"c30.3R.5_12","5_12"
"2R","5_12",13,778501,780201,18360748,18429840,292.0769231,344,1727,543,328,18379356,1.07e-06,"c37.2R.5_12","5_12"
"2R","5_12",12,783301,784901,18567115,18625340,331.5,377,1586,482,476,18585958,6.12e-08,"c38.2R.5_12","5_12"
"2L","5_12",11,406301,408101,18573224,18664222,325.4545455,420,2275,105,365,18595997,4.35e-11,"c49.2L.5_12","5_12"
"3L","5_12",9,1229001,1230301,18812315,18874146,294.3333333,334,1316,356,207,18822439,7.41e-08,"c50.3L.5_12","5_12"
"2R","5_12",5,789001,789901,18832860,18873263,322,360,653,228,167,18858280,1.55e-07,"c39.2R.5_12","5_12"
"2L","5_12",54,410701,416901,18875678,19271868,354.7592593,506,9258,1231,2479,19240748,8.72e-16,"c50.2L.5_12","5_12"
"2R","5_12",6,790601,791601,18901118,18940728,297,335,957,180,155,18918321,2.58e-07,"c40.2R.5_12","5_12"
"3L","5_12",135,1231601,1246701,18942203,20273104,332.3259259,505,21738,3730,5222,19619104,1.11e-12,"c51.3L.5_12","5_12"
"3R","5_12",21,1546901,1549501,18959125,19075424,314.4285714,407,3438,543,693,19043527,1.11e-10,"c31.3R.5_12","5_12"
"2R","5_12",7,792401,793501,18974007,19022338,354.2857143,443,1189,206,293,18998636,2.09e-07,"c41.2R.5_12","5_12"
"2R","5_12",12,794701,797101,19084942,19187284,281.9166667,316,1472,525,287,19136856,1.27e-09,"c42.2R.5_12","5_12"
"2L","5_12",23,418401,422001,19368178,19625695,325.6956522,438,3531,594,924,19386772,2e-17,"c51.2L.5_12","5_12"
"3R","5_12",3,1557501,1558201,19528018,19562715,301.6666667,307,287,93,144,19540626,1.78e-06,"c32.3R.5_12","5_12"
"2R","5_12",12,805201,808001,19542872,19658765,292,323,1697,455,299,19569665,1.33e-08,"c43.2R.5_12","5_12"
"3R","5_12",8,1558801,1560001,19595949,19671497,309.875,374,1294,264,219,19623204,2.23e-07,"c33.3R.5_12","5_12"
"2L","5_12",104,422701,433801,19687954,20396514,408.5769231,639,12841,4537,6859,20100202,6.79e-10,"c52.2L.5_12","5_12"
"X","5_12",4,1948301,1949101,19730302,19791332,312,339,821,29,123,19762240,7.66e-13,"c28.X.5_12","5_12"
"3R","5_12",32,1561101,1565501,19733922,20001186,317.71875,420,4776,1008,1125,19844932,2.86e-07,"c34.3R.5_12","5_12"
"X","5_12",11,1952901,1954401,20219293,20329710,350.4545455,407,1931,326,424,20253622,3.13e-14,"c29.X.5_12","5_12"
"3L","5_12",29,1247401,1250901,20369442,20828705,366.0689655,476,5206,683,1348,20624061,2.62e-11,"c52.3L.5_12","5_12"
"2R","5_12",18,821201,823701,20455324,20728698,319.1111111,400,3388,398,520,20697461,2.33e-11,"c44.2R.5_12","5_12"
"X","5_12",26,1956601,1960601,20481155,20805681,315.6153846,448,4590,704,736,20682460,6.79e-13,"c30.X.5_12","5_12"
"3R","5_12",20,1576101,1581201,20709129,21013291,281.6,318,3000,380,624,20722633,1.44e-07,"c35.3R.5_12","5_12"
"2L","5_12",105,439101,450101,20794599,22152010,392.352381,674,17569,3570,5496,21199050,1.59e-15,"c53.2L.5_12","5_12"
"3L","5_12",96,1251101,1262601,20852413,22313100,318,421,15746,1649,3828,21787219,6.36e-14,"c53.3L.5_12","5_12"
"X","5_12",41,1962901,1967601,20975557,21351423,398.1463415,576,6530,1255,2428,21299410,3.09e-22,"c31.X.5_12","5_12"
"X","5_12",16,1968001,1970101,21375524,21885549,311.6875,362,3351,83,490,21432690,8.17e-16,"c32.X.5_12","5_12"
"X","5_12",21,1970301,1972801,21896275,22099018,457.7142857,713,5151,309,1281,21972056,1.34e-10,"c33.X.5_12","5_12"
"3R","5_12",5,1599901,1600801,21981408,22020018,326.2,364,663,133,234,21999526,3.23e-08,"c36.3R.5_12","5_12"
"X","5_12",17,1973001,1975101,22116841,22346540,443.1764706,581,2406,704,1240,22180874,1.1e-11,"c34.X.5_12","5_12"
"3R","5_12",52,1604101,1610201,22176808,22508874,307.9038462,385,6011,1754,2164,22249607,4.61e-08,"c37.3R.5_12","5_12"
"3L","5_12",40,1262801,1267701,22343816,23014210,383.3,595,7068,880,2168,22598776,4.03e-10,"c54.3L.5_12","5_12"
"2L","5_12",17,451301,453401,22345666,22921279,406.0588235,492,3464,125,1063,22464084,1.5e-26,"c54.2L.5_12","5_12"
"3R","5_12",8,1612201,1613901,22610672,22704366,325.875,395,1173,315,268,22693956,4.24e-06,"c38.3R.5_12","5_12"
"3R","5_12",5,1621401,1622301,23011370,23060114,285.8,303,820,210,63,23018530,6.18e-06,"c39.3R.5_12","5_12"
"3L","5_12",27,1268201,1272601,23113576,24420223,359.7,499,6580,22,970,24308632,5.53e-18,"c55.3L.5_12","5_12"
"3R","5_12",27,1624401,1628001,23181976,23361000,317,466,3348,960,1097,23330127,1.02e-10,"c40.3R.5_12","5_12"
"3R","5_12",47,1629001,1634701,23404483,23675851,350.5744681,515,5767,2166,2126,23591718,3.41e-09,"c41.3R.5_12","5_12"
"3R","5_12",28,1638201,1645801,23875646,24284874,337.8611111,414,4427,883,1061,23994391,2.12e-08,"c42.3R.5_12","5_12"
"3R","5_12",57,1675201,1683001,25578533,25904687,334.5727041,673,7215,2214,3220,25786343,3.85e-11,"c43.3R.5_12","5_12"
"3R","5_12",24,1683401,1690801,25918290,26174645,303.1875,364,3316,985,735,26132215,1.92e-08,"c44.3R.5_12","5_12"
"3R","5_12",9,1691001,1692301,26182276,26254026,404.5555556,505,966,553,523,26216542,1.18e-07,"c45.3R.5_12","5_12"
"3R","5_12",34,1695201,1699201,26349258,26486914,305.0882353,356,5455,959,1000,26415501,6.42e-09,"c46.3R.5_12","5_12"
"3R","5_12",12,1700001,1701901,26526926,26601042,280.3333333,306,2003,328,235,26538576,3.04e-07,"c47.3R.5_12","5_12"
"3R","5_12",19,1702601,1706101,26632369,26788301,280.4210526,317,2383,820,435,26718229,4.54e-06,"c48.3R.5_12","5_12"
"3R","5_12",23,1707301,1710001,26849458,26973895,306.9130435,361,3298,1012,579,26923038,2.84e-08,"c49.3R.5_12","5_12"
"3R","5_12",8,1712401,1713601,27096216,27154179,326.125,379,1203,397,204,27136514,2.06e-06,"c50.3R.5_12","5_12"
"3R","5_12",59,1714301,1720601,27190828,27777186,459.5932203,635,9334,2462,4286,27477211,5.53e-12,"c51.3R.5_12","5_12"
"2L","1_11",21,1,3001,5390,472340,530.428571428571,688,3033,318,2490,151719,2.0241278928125e-16,"c1.2L.1_11","SpToFa"
"2L","1_11",8,4501,5701,554064,612114,444.75,499,1007,191,723,579637,2.03074711693406e-13,"c2.2L.1_11","SpToFa"
"2L","1_11",16,18601,20901,1188998,1281842,435.6875,537,1696,386,1501,1252697,1.51596521795745e-10,"c3.2L.1_11","SpToFa"
"2L","1_11",40,21901,26501,1316173,1494493,458.4,580,5266,1327,3472,1471751,2.05330006289941e-12,"c4.2L.1_11","SpToFa"
"2L","1_11",12,29201,31301,1611314,1698400,395.583333333333,436,1385,268,942,1655675,3.94239656260922e-14,"c5.2L.1_11","SpToFa"
"2L","1_11",93,31501,41901,1709673,2198477,493.516129032258,697,10104,2349,10365,1820289,5.84266309794416e-14,"c6.2L.1_11","SpToFa"
"2L","1_11",73,42101,50901,2210324,2599486,527.712328767123,742,9357,2052,8354,2251562,9.22300833742924e-14,"c7.2L.1_11","SpToFa"
"2L","1_11",8,55301,56501,2795811,2835721,401.5,440,1298,273,456,2797904,9.12276894177726e-11,"c8.2L.1_11","SpToFa"
"2L","1_11",11,57401,59101,2863291,2937228,411.636363636364,458,1613,373,723,2912282,1.17043576421712e-09,"c9.2L.1_11","SpToFa"
"2L","1_11",12,59501,61201,2958294,3056870,402.666666666667,466,1867,482,667,2982411,1.46592298934759e-11,"c10.2L.1_11","SpToFa"
"2L","1_11",17,64401,66501,3184987,3269169,442.823529411765,494,2914,726,1054,3237608,2.21435959674021e-10,"c11.2L.1_11","SpToFa"
"2L","1_11",12,67001,69101,3284295,3371779,472,574,1436,578,1024,3359041,1.77148767562141e-12,"c12.2L.1_11","SpToFa"
"2L","1_11",10,76201,77701,3608351,3667919,431.8,500,1201,390,779,3623065,3.81017512831145e-07,"c13.2L.1_11","SpToFa"
"2L","1_11",7,79901,81001,3753637,3798572,422.142857142857,487,668,275,579,3786670,1.95123700982166e-10,"c14.2L.1_11","SpToFa"
"2L","1_11",19,81201,83501,3811201,3894668,459.947368421053,543,1733,494,2006,3847440,3.51932931050458e-14,"c15.2L.1_11","SpToFa"
"2L","1_11",34,84401,88201,3929431,4072292,446.058823529412,633,3420,1133,3160,3989009,2.57556526080802e-15,"c16.2L.1_11","SpToFa"
"2L","1_11",5,89101,90001,4107873,4141377,403.4,428,547,183,368,4114787,3.50163419986635e-09,"c17.2L.1_11","SpToFa"
"2L","1_11",6,90201,91201,4149708,4185896,463.333333333333,507,665,252,537,4163617,9.41816178497125e-09,"c18.2L.1_11","SpToFa"
"2L","1_11",5,100501,101401,4525731,4582395,438.4,462,505,221,415,4559572,5.30954234674793e-07,"c19.2L.1_11","SpToFa"
"2L","1_11",6,102501,103501,4650322,4694262,431.833333333333,516,802,203,461,4683869,1.84262640232664e-08,"c20.2L.1_11","SpToFa"
"2L","1_11",6,121901,123201,5529253,5583615,413,482,572,269,456,5569744,1.04979476719728e-08,"c21.2L.1_11","SpToFa"
"2L","1_11",12,124001,125701,5616174,5681722,437.583333333333,502,1540,555,867,5622995,7.73105414120174e-09,"c22.2L.1_11","SpToFa"
"2L","1_11",10,126001,127601,5693676,5757419,425.1,471,1822,361,569,5731525,3.06374225929207e-10,"c23.2L.1_11","SpToFa"
"2L","1_11",6,128901,129901,5814245,5860353,426,456,1053,228,349,5843731,2.20881652824001e-09,"c24.2L.1_11","SpToFa"
"2L","1_11",12,131201,132801,5899057,5956285,506.916666666667,623,1453,389,1284,5915522,1.08874236160907e-10,"c25.2L.1_11","SpToFa"
"2L","1_11",6,133601,135101,5991263,6050226,408.666666666667,441,924,218,364,6040303,5.19250721342694e-10,"c26.2L.1_11","SpToFa"
"2L","1_11",6,135301,136301,6060340,6108052,417.333333333333,441,1155,169,337,6082987,8.55859704164899e-10,"c27.2L.1_11","SpToFa"
"2L","1_11",5,137101,138001,6133248,6170874,394.4,421,783,173,281,6140304,1.90773505197264e-09,"c28.2L.1_11","SpToFa"
"2L","1_11",9,138401,139801,6188525,6243119,411.888888888889,456,1098,274,687,6236128,2.59657862403459e-11,"c29.2L.1_11","SpToFa"
"2L","1_11",29,140401,145101,6265900,6472887,417.137931034483,530,4668,788,1951,6282272,8.05120713955051e-12,"c30.2L.1_11","SpToFa"
"2L","1_11",10,146601,148001,6539855,6593300,478.7,580,1279,428,884,6547522,3.90180266589555e-10,"c31.2L.1_11","SpToFa"
"2L","1_11",9,149901,151701,6700544,6768345,406.111111111111,437,1188,377,571,6719143,4.23485042001006e-08,"c32.2L.1_11","SpToFa"
"2L","1_11",5,154501,155401,6887135,6935826,429.2,464,724,177,356,6904814,8.12630455018374e-10,"c33.2L.1_11","SpToFa"
"2L","1_11",16,163601,166401,7242722,7367215,411.5,455,2223,655,1017,7328310,1.77731695061434e-08,"c34.2L.1_11","SpToFa"
"2L","1_11",29,171601,175101,7550795,7670171,453.758620689655,571,4219,915,2370,7617977,8.63924846831439e-26,"c35.2L.1_11","SpToFa"
"2L","1_11",30,175301,179001,7677619,7832033,519.7,655,4340,914,3141,7807915,7.43861188532596e-13,"c36.2L.1_11","SpToFa"
"2L","1_11",14,186901,188701,8190816,8265273,411.142857142857,466,2075,447,929,8196214,1.3908061171679e-14,"c37.2L.1_11","SpToFa"
"2L","1_11",10,190701,192101,8338476,8391452,437.7,492,1316,242,859,8373271,8.8282919993438e-16,"c38.2L.1_11","SpToFa"
"2L","1_11",26,196401,199601,8606476,8748201,434.384615384615,526,3884,1122,1722,8739162,7.75522136523385e-12,"c39.2L.1_11","SpToFa"
"2L","1_11",6,200301,201301,8772575,8809114,419.166666666667,450,912,206,397,8801246,1.66079713149135e-08,"c40.2L.1_11","SpToFa"
"2L","1_11",74,201601,210201,8822460,9141153,479.121621621622,646,8887,2793,6994,9108045,6.35781560414838e-13,"c41.2L.1_11","SpToFa"
"2L","1_11",9,213601,215401,9279943,9343996,417.666666666667,473,1507,349,518,9304472,1.7575850896279e-10,"c42.2L.1_11","SpToFa"
"2L","1_11",7,215701,216801,9352377,9386342,421.571428571429,461,1063,155,526,9362213,3.45694371204756e-13,"c43.2L.1_11","SpToFa"
"2L","1_11",9,217101,218601,9399074,9446622,425,445,1399,331,588,9411085,5.15224760234794e-11,"c44.2L.1_11","SpToFa"
"2L","1_11",15,219001,222201,9461138,9594773,425.333333333333,526,2239,494,1051,9594586,3.80230727325831e-11,"c45.2L.1_11","SpToFa"
"2L","1_11",17,223601,225801,9642482,9731196,413.588235294118,459,2351,855,990,9661123,7.84751830070027e-10,"c46.2L.1_11","SpToFa"
"2L","1_11",19,226301,229101,9753207,9873042,465.526315789474,565,2847,548,1634,9865997,1.67091215109525e-11,"c47.2L.1_11","SpToFa"
"2L","1_11",168,229501,247501,9887248,10643593,480.755952380952,647,23362,5022,15787,9936407,6.1982945178719e-16,"c48.2L.1_11","SpToFa"
"2L","1_11",55,247801,254801,10659319,10945686,479.290909090909,623,7039,1429,5488,10855581,6.9336669711797e-16,"c49.2L.1_11","SpToFa"
"2L","1_11",20,255201,257701,10970933,11093540,426.1,496,2953,449,1557,11025503,2.58917763862615e-13,"c50.2L.1_11","SpToFa"
"2L","1_11",8,261601,262801,11296208,11342223,478.75,532,1418,288,612,11317874,1.80096097065827e-09,"c51.2L.1_11","SpToFa"
"2L","1_11",12,263201,264901,11355336,11421437,419.166666666667,482,1912,404,770,11386527,3.34660067354391e-10,"c52.2L.1_11","SpToFa"
"2L","1_11",7,265401,266501,11442877,11487081,409.285714285714,440,1005,186,496,11473563,7.00769147758246e-10,"c53.2L.1_11","SpToFa"
"2L","1_11",8,268101,269301,11554876,11610257,417,451,1395,117,569,11563520,1.37918759289272e-09,"c54.2L.1_11","SpToFa"
"2L","1_11",12,270201,271801,11646682,11724987,427.333333333333,464,2083,219,869,11693431,2.59008444725543e-10,"c55.2L.1_11","SpToFa"
"2L","1_11",7,290501,291601,12550001,12599842,424.142857142857,462,1325,213,406,12553675,2.58153623366377e-10,"c56.2L.1_11","SpToFa"
"2L","1_11",102,291901,303401,12610099,13151646,561.176470588235,872,17829,2409,11531,12987884,2.24727322930453e-18,"c57.2L.1_11","SpToFa"
"2L","1_11",97,304701,315401,13231361,13776055,501.154639175258,683,13774,2188,10154,13640913,8.15902124913574e-18,"c58.2L.1_11","SpToFa"
"2L","1_11",29,316001,320001,13812713,13982592,423.965517241379,528,4924,831,1903,13930206,9.63152111123325e-15,"c59.2L.1_11","SpToFa"
"2L","1_11",38,320601,325001,14005384,14221560,442.105263157895,543,6749,935,2727,14014336,9.87052113108347e-18,"c60.2L.1_11","SpToFa"
"2L","1_11",109,325201,337301,14232023,14802560,490.477064220183,625,18420,2755,9844,14453223,5.05378884686788e-22,"c61.2L.1_11","SpToFa"
"2L","1_11",4,337601,338401,14831323,14872439,392,420,549,265,163,14837360,5.22904719148142e-08,"c62.2L.1_11","SpToFa"
"2L","1_11",15,343701,346601,15127328,15258981,407.2,434,2604,489,842,15177653,8.40166260626975e-11,"c63.2L.1_11","SpToFa"
"2L","1_11",48,354601,360301,15731559,16042276,483.708333333333,633,8961,1457,3781,16030510,8.38039311645965e-17,"c64.2L.1_11","SpToFa"
"2L","1_11",62,362101,369901,16128041,16491191,466.032258064516,576,10072,1833,5052,16173920,1.99741323290422e-17,"c65.2L.1_11","SpToFa"
"2L","1_11",411,372001,418101,16585699,19337805,529.666666666667,819,73077,9161,42098,19183800,3.43033026680724e-24,"c66.2L.1_11","SpToFa"
"2L","1_11",187,418901,438901,19387693,20780154,585.176470588235,884,27273,4737,24227,19999750,7.6606253434093e-18,"c67.2L.1_11","SpToFa"
"2L","1_11",138,439101,453401,20794599,22921279,566.884057971014,789,24153,3280,15839,21199050,5.59493334515197e-30,"c68.2L.1_11","SpToFa"
"2R","1_11",4,453501,454301,28422,450323,444,531,1054,1,240,90762,2.89649114751663e-16,"c1.2R.1_11","SpToFa"
"2R","1_11",78,455201,463401,618220,1613989,601.076923076923,786,15110,1808,9386,1241436,1.15140098484457e-21,"c2.2R.1_11","SpToFa"
"2R","1_11",8,464901,466601,1751658,1950912,414,458,1874,239,320,1928170,1.08760860067078e-11,"c3.2R.1_11","SpToFa"
"2R","1_11",336,468101,504301,2108496,5151896,545.08630952381,801,56117,8853,36442,2351924,1.37056303745056e-21,"c4.2R.1_11","SpToFa"
"2R","1_11",42,508501,513701,5445487,5801775,498.761904761905,642,5293,1421,4271,5661272,4.06225624807841e-13,"c5.2R.1_11","SpToFa"
"2R","1_11",10,519501,520901,6146970,6207448,420.4,490,1810,204,662,6160214,9.21367408417804e-14,"c6.2R.1_11","SpToFa"
"2R","1_11",24,521701,524901,6245378,6384322,448.708333333333,558,3911,573,1904,6330185,4.55313665582749e-17,"c7.2R.1_11","SpToFa"
"2R","1_11",12,534301,536101,6847288,6940723,397.5,420,1664,347,804,6856975,1.32807294234765e-11,"c8.2R.1_11","SpToFa"
"2R","1_11",35,536701,541001,6971320,7163224,456.971428571429,528,5431,1110,2781,7108339,7.17664798887003e-13,"c9.2R.1_11","SpToFa"
"2R","1_11",38,542301,546901,7249343,7450274,498.605263157895,652,6018,1018,3631,7323817,2.78712001630738e-15,"c10.2R.1_11","SpToFa"
"2R","1_11",66,547601,556301,7484184,7943964,460.681818181818,617,11213,1793,5202,7634642,1.33766671038385e-13,"c11.2R.1_11","SpToFa"
"2R","1_11",66,556501,564001,7952206,8376182,525.833333333333,740,9733,1593,7262,8178793,1.97177238455753e-13,"c12.2R.1_11","SpToFa"
"2R","1_11",26,565501,568601,8446849,8587928,451.538461538462,531,4721,559,1967,8495049,1.11825441427596e-12,"c13.2R.1_11","SpToFa"
"2R","1_11",25,569401,572901,8624248,8820475,420.68,476,4222,638,1673,8654056,9.77269033420564e-12,"c14.2R.1_11","SpToFa"
"2R","1_11",7,574201,575301,8872569,8913363,445.285714285714,510,964,202,583,8897314,5.31029513562812e-12,"c15.2R.1_11","SpToFa"
"2R","1_11",42,577401,583601,9007001,9280603,503.619047619048,717,6947,1086,4011,9174401,1.26159591114454e-19,"c16.2R.1_11","SpToFa"
"2R","1_11",6,585201,586201,9349510,9389399,412,429,1115,182,331,9374578,1.69507638246346e-09,"c17.2R.1_11","SpToFa"
"2R","1_11",21,586801,589401,9412868,9494691,419.714285714286,502,3391,610,1401,9461340,1.16543685636367e-10,"c18.2R.1_11","SpToFa"
"2R","1_11",6,590801,591801,9555163,9593780,448.833333333333,511,1017,106,488,9580376,1.36728255375598e-14,"c19.2R.1_11","SpToFa"
"2R","1_11",5,600201,601101,9961104,10007844,399.2,433,956,148,248,10002316,1.31909193490325e-09,"c20.2R.1_11","SpToFa"
"2R","1_11",12,601801,603401,10034473,10149267,447.083333333333,519,1997,376,872,10101847,7.22329957914854e-13,"c21.2R.1_11","SpToFa"
"2R","1_11",25,603701,606901,10169046,10317420,400.28,442,4515,778,1312,10254383,9.29915923619742e-14,"c22.2R.1_11","SpToFa"
"2R","1_11",129,607501,621901,10336272,11069341,550.891472868217,852,19452,4067,14493,10836789,4.49845157826896e-17,"c23.2R.1_11","SpToFa"
"2R","1_11",12,624101,625801,11195640,11311146,415.833333333333,491,1765,411,801,11296313,6.80236865233377e-09,"c24.2R.1_11","SpToFa"
"2R","1_11",3,640501,641201,12076813,12112229,411.333333333333,438,423,101,203,12100660,2.79681202282531e-09,"c25.2R.1_11","SpToFa"
"2R","1_11",5,642701,643601,12164538,12198528,402.6,433,622,181,343,12175977,4.33312612018494e-09,"c26.2R.1_11","SpToFa"
"2R","1_11",16,648101,650201,12398335,12492492,411.875,446,2277,586,1047,12478180,3.07792005106867e-08,"c27.2R.1_11","SpToFa"
"2R","1_11",77,650401,659001,12504846,12902128,463.155844155844,654,12940,2432,5953,12825532,5.82604669365864e-14,"c28.2R.1_11","SpToFa"
"2R","1_11",15,659201,661401,12919884,13051655,410.466666666667,462,2345,664,828,12992506,4.5579589438189e-11,"c29.2R.1_11","SpToFa"
"2R","1_11",7,663401,665001,13157305,13236409,409.714285714286,461,1276,124,448,13191901,8.41219517343799e-11,"c30.2R.1_11","SpToFa"
"2R","1_11",6,665901,667301,13286794,13380256,399.666666666667,432,1185,104,335,13353671,2.31397966301975e-11,"c31.2R.1_11","SpToFa"
"2R","1_11",16,668301,670301,13427786,13533795,432.0625,522,2134,483,1271,13454132,4.43006057847699e-10,"c32.2R.1_11","SpToFa"
"2R","1_11",10,674501,681401,13730408,14035038,427.666666666667,489,1411,259,794,13734722,5.35547039037297e-12,"c33.2R.1_11","SpToFa"
"2R","1_11",5,685601,686501,14222065,14273035,450.6,495,1013,71,366,14263443,9.2772455226893e-11,"c34.2R.1_11","SpToFa"
"2R","1_11",4,688001,688801,14327907,14357768,406.75,422,653,106,254,14344012,2.14107679451301e-10,"c35.2R.1_11","SpToFa"
"2R","1_11",12,699801,701401,14848547,14935719,408.416666666667,450,1424,300,959,14881026,7.79983017934776e-09,"c36.2R.1_11","SpToFa"
"2R","1_11",7,712601,713701,15523937,15579964,405.285714285714,421,1454,111,387,15534548,5.45219922012572e-12,"c37.2R.1_11","SpToFa"
"2R","1_11",16,754901,757201,17412367,17516362,397.375,450,2377,285,1137,17474775,2.1500508348978e-13,"c38.2R.1_11","SpToFa"
"2R","1_11",124,758001,770801,17554828,18030720,482.58064516129,730,18517,3986,11117,17590788,2.68040532363964e-16,"c39.2R.1_11","SpToFa"
"2R","1_11",9,773601,774901,18137044,18194238,446,518,1624,316,586,18174183,5.64623162014466e-10,"c40.2R.1_11","SpToFa"
"2R","1_11",36,782101,786601,18516598,18715897,448.361111111111,575,6221,1009,2634,18705380,1.05736179074304e-11,"c41.2R.1_11","SpToFa"
"2R","1_11",106,787201,799201,18741473,19295461,486.622641509434,712,15597,3315,9785,18860681,3.63022212978074e-14,"c42.2R.1_11","SpToFa"
"2R","1_11",25,800001,803701,19327303,19487269,432.44,580,4001,888,1678,19400139,2.0213238729274e-12,"c43.2R.1_11","SpToFa"
"2R","1_11",11,804201,806101,19500618,19578162,405.545454545455,440,1619,458,642,19546229,4.22697026647769e-10,"c44.2R.1_11","SpToFa"
"2R","1_11",14,806301,808101,19587662,19663008,423.357142857143,484,2166,556,883,19636140,7.39633494969926e-13,"c45.2R.1_11","SpToFa"
"2R","1_11",5,811601,812501,19863431,19906167,422.6,463,913,111,326,19882363,5.64376027763445e-10,"c46.2R.1_11","SpToFa"
"2R","1_11",5,814601,815501,20030580,20099953,434.2,471,912,133,331,20062047,2.47481044232118e-09,"c47.2R.1_11","SpToFa"
"2R","1_11",6,816401,817401,20146196,20197808,424.166666666667,460,989,163,410,20180689,6.69887013189066e-09,"c48.2R.1_11","SpToFa"
"2R","1_11",61,818401,824901,20256408,20911223,473.262295081967,644,11004,2055,4585,20888312,3.27653489678448e-15,"c49.2R.1_11","SpToFa"
"2R","1_11",11,825601,827101,20970332,21079174,629.727272727273,720,1294,319,1665,21053204,6.39082869106472e-19,"c50.2R.1_11","SpToFa"
"3L","1_11",19,827201,829501,24654,385128,596.894736842105,739,3021,368,2528,49472,2.09191536598377e-12,"c1.3L.1_11","SpToFa"
"3L","1_11",4,833001,833801,542906,591741,414,459,673,130,241,566634,2.5973839597021e-07,"c2.3L.1_11","SpToFa"
"3L","1_11",9,858301,859601,1605541,1658468,496.666666666667,591,1556,254,802,1608327,1.32991394739128e-11,"c3.3L.1_11","SpToFa"
"3L","1_11",5,885701,886601,2757800,2800113,408.8,424,521,187,383,2772521,4.52869233590507e-08,"c4.3L.1_11","SpToFa"
"3L","1_11",5,945701,946601,5497402,5529148,441.4,504,752,75,435,5509286,2.19640671355792e-08,"c5.3L.1_11","SpToFa"
"3L","1_11",9,963901,965201,6392525,6478021,435.444444444444,471,1509,191,676,6455986,1.28669765326679e-08,"c6.3L.1_11","SpToFa"
"3L","1_11",53,1002101,1008001,8069515,8387391,506.528301886792,632,8713,1418,5099,8368423,2.87436121386848e-20,"c7.3L.1_11","SpToFa"
"3L","1_11",90,1008301,1017701,8402964,8802635,512.044444444444,725,13057,3108,8937,8431030,1.56434435037263e-19,"c8.3L.1_11","SpToFa"
"3L","1_11",69,1018001,1025801,8812166,9171931,454.608695652174,578,10059,2328,5551,8837205,7.28238503102248e-13,"c9.3L.1_11","SpToFa"
"3L","1_11",10,1026201,1027601,9190394,9243137,400.6,423,1472,322,630,9218852,9.7595793328173e-11,"c10.3L.1_11","SpToFa"
"3L","1_11",5,1032601,1033501,9438614,9489335,394.4,436,773,205,263,9463966,1.73077283781491e-11,"c11.3L.1_11","SpToFa"
"3L","1_11",5,1034101,1035001,9510077,9548341,421.8,449,682,208,337,9514500,9.52571758798941e-10,"c12.3L.1_11","SpToFa"
"3L","1_11",31,1036601,1041201,9611568,9805575,439.193548387097,565,4027,972,2548,9629697,1.0845394551134e-11,"c13.3L.1_11","SpToFa"
"3L","1_11",25,1042301,1045201,9845864,9970282,471.52,624,3237,695,2387,9948247,2.36856282304051e-14,"c14.3L.1_11","SpToFa"
"3L","1_11",15,1045701,1047701,9991468,10075595,442.333333333333,559,2257,476,1142,10004542,5.78124878519243e-12,"c15.3L.1_11","SpToFa"
"3L","1_11",7,1048501,1049601,10106029,10150384,491.285714285714,547,625,255,768,10124752,1.58859726489746e-13,"c16.3L.1_11","SpToFa"
"3L","1_11",14,1056901,1058701,10446321,10517378,431.785714285714,537,2123,401,1040,10486186,1.21709596754683e-09,"c17.3L.1_11","SpToFa"
"3L","1_11",5,1059401,1060301,10546014,10590359,426.4,456,710,201,340,10570491,1.35205987784156e-08,"c18.3L.1_11","SpToFa"
"3L","1_11",12,1069701,1072001,10934570,11024365,409.666666666667,478,1944,391,730,11005125,2.4675446351932e-09,"c19.3L.1_11","SpToFa"
"3L","1_11",90,1072201,1081701,11030775,11388765,514,791,13502,2618,9174,11346655,8.75149198762229e-15,"c20.3L.1_11","SpToFa"
"3L","1_11",62,1082001,1088801,11401269,11677678,483.112903225806,650,8029,2097,5910,11644891,1.1222104242312e-11,"c21.3L.1_11","SpToFa"
"3L","1_11",63,1089001,1097301,11685298,12053591,470.349206349206,642,10090,2145,5084,11916367,6.56941175219592e-13,"c22.3L.1_11","SpToFa"
"3L","1_11",5,1097501,1098401,12058985,12090102,401.2,420,845,141,293,12075786,2.53870991777604e-09,"c23.3L.1_11","SpToFa"
"3L","1_11",5,1099101,1100001,12116851,12156278,406.2,437,828,177,283,12151999,2.81991231433606e-11,"c24.3L.1_11","SpToFa"
"3L","1_11",18,1101001,1103701,12199197,12309326,405.388888888889,466,2791,549,1136,12293890,1.79065550720697e-11,"c25.3L.1_11","SpToFa"
"3L","1_11",147,1105201,1121501,12364378,13067023,458.69387755102,611,23214,4275,11888,12606387,1.36132917893793e-15,"c26.3L.1_11","SpToFa"
"3L","1_11",189,1124101,1144101,13183612,14183651,522.444444444444,799,28243,6160,19393,13889740,1.19286886854706e-14,"c27.3L.1_11","SpToFa"
"3L","1_11",143,1144301,1159501,14188817,14958938,495.307692307692,703,22551,4522,13078,14528669,6.7788958446236e-14,"c28.3L.1_11","SpToFa"
"3L","1_11",13,1160001,1162201,14983115,15085096,421.692307692308,461,2027,550,785,15051747,6.73563737737934e-11,"c29.3L.1_11","SpToFa"
"3L","1_11",64,1164101,1171301,15205368,15588856,511.9375,721,10126,1494,6550,15268529,5.83604700505258e-15,"c30.3L.1_11","SpToFa"
"3L","1_11",38,1171601,1175801,15605514,15787676,443.026315789474,597,6173,1008,2882,15741344,4.98946072890654e-21,"c31.3L.1_11","SpToFa"
"3L","1_11",233,1176001,1201601,15801388,17275347,497.824034334764,679,37852,7239,21221,16649733,5.03271615338185e-16,"c32.3L.1_11","SpToFa"
"3L","1_11",25,1201801,1204801,17287670,17500816,452.4,616,3780,684,2054,17331502,4.83693681297978e-12,"c33.3L.1_11","SpToFa"
"3L","1_11",148,1208901,1226201,17800589,18641569,481.918918918919,647,26100,5050,11708,18099496,2.65920091609038e-14,"c34.3L.1_11","SpToFa"
"3L","1_11",6,1232201,1233201,18969526,19029850,429.5,502,819,417,308,19012791,6.85479066446693e-09,"c35.3L.1_11","SpToFa"
"3L","1_11",57,1235901,1242001,19208604,19657179,481.350877192982,583,10463,2127,4240,19359958,4.26984543377965e-15,"c36.3L.1_11","SpToFa"
"3L","1_11",10,1244601,1246001,20035674,20169151,425.4,467,1744,253,668,20042982,1.1108614940089e-14,"c37.3L.1_11","SpToFa"
"3L","1_11",6,1247501,1248501,20380646,20501462,430.333333333333,455,792,235,440,20436529,3.16461005875041e-09,"c38.3L.1_11","SpToFa"
"3L","1_11",18,1248701,1250901,20529895,20828705,475.333333333333,653,3457,373,1451,20590006,2.25153084132406e-15,"c39.3L.1_11","SpToFa"
"3L","1_11",76,1253501,1262001,21114871,22207198,488.171052631579,669,14750,2288,5925,21448277,3.50991519841403e-17,"c40.3L.1_11","SpToFa"
"3L","1_11",41,1262701,1267701,22326315,23014210,522.292682926829,737,6800,1490,3878,22854998,1.98691115317716e-13,"c41.3L.1_11","SpToFa"
"3L","1_11",14,1270301,1272601,23723260,24420223,533.285714285714,659,3258,64,1360,24322729,3.7832774049119e-32,"c42.3L.1_11","SpToFa"
"3R","1_11",38,1275701,1279901,779242,1365093,596.578947368421,730,7751,1062,4265,1269602,1.83548329350626e-18,"c1.3R.1_11","SpToFa"
"3R","1_11",17,1281101,1283201,1603252,1875789,450.705882352941,555,2630,296,1480,1693922,2.05731809228606e-14,"c2.3R.1_11","SpToFa"
"3R","1_11",15,1284001,1285901,1948623,2202152,492.8,560,2227,277,1537,1981524,4.040547743028e-14,"c3.3R.1_11","SpToFa"
"3R","1_11",14,1287301,1289301,2365381,2574619,437.071428571429,477,3169,86,926,2431255,6.66324138254981e-11,"c4.3R.1_11","SpToFa"
"3R","1_11",50,1295601,1301401,3269310,3836159,481.32,575,7425,1779,4361,3583254,5.43693432681795e-17,"c5.3R.1_11","SpToFa"
"3R","1_11",8,1303101,1304301,4023519,4173547,459,518,1103,146,759,4127894,9.15625913209291e-10,"c6.3R.1_11","SpToFa"
"3R","1_11",61,1304801,1311301,4242095,4909346,496.524590163934,607,8265,2004,6005,4700784,1.02533078139674e-14,"c7.3R.1_11","SpToFa"
"3R","1_11",33,1311901,1315601,4953375,5310960,503.30303030303,737,5685,1184,2852,5225240,4.12838441670655e-11,"c8.3R.1_11","SpToFa"
"3R","1_11",11,1316001,1317901,5351861,5577271,422.181818181818,480,1861,280,741,5397604,3.39224465128748e-10,"c9.3R.1_11","SpToFa"
"3R","1_11",30,1319601,1323001,5751368,6065936,485.133333333333,591,4861,645,2801,6040082,6.42926720131514e-21,"c10.3R.1_11","SpToFa"
"3R","1_11",6,1323201,1324201,6090248,6210562,397.333333333333,423,1114,92,362,6105974,7.58612661061059e-14,"c11.3R.1_11","SpToFa"
"3R","1_11",31,1332301,1336301,6826841,7089946,452.838709677419,526,6041,886,2075,6888288,6.18779317366478e-12,"c12.3R.1_11","SpToFa"
"3R","1_11",96,1336501,1346901,7106324,7943553,519.697916666667,709,15978,2861,9397,7295209,8.22286658526219e-18,"c13.3R.1_11","SpToFa"
"3R","1_11",7,1347301,1348401,7966447,8035810,414.571428571429,462,1145,220,439,8025917,1.12540344715948e-09,"c14.3R.1_11","SpToFa"
"3R","1_11",78,1349201,1358001,8090706,8780157,534.730769230769,752,13615,1837,8140,8476290,3.6409985854381e-18,"c15.3R.1_11","SpToFa"
"3R","1_11",180,1364201,1383801,9170070,10173874,523.088888888889,689,29039,5293,18177,9678086,7.70547742730082e-19,"c16.3R.1_11","SpToFa"
"3R","1_11",22,1385601,1388401,10259820,10387850,447.772727272727,524,3524,669,1663,10283751,2.0789051325289e-11,"c17.3R.1_11","SpToFa"
"3R","1_11",14,1389701,1391501,10436834,10522069,530.214285714286,724,2342,478,1375,10464821,1.77308272087293e-14,"c18.3R.1_11","SpToFa"
"3R","1_11",159,1392001,1409501,10548490,11527529,519.77358490566,785,27254,4082,15742,11025022,2.92374113898613e-19,"c19.3R.1_11","SpToFa"
"3R","1_11",18,1409901,1412101,11549963,11705512,429.944444444444,498,3313,653,1040,11627187,1.70510799959441e-13,"c20.3R.1_11","SpToFa"
"3R","1_11",12,1413501,1415101,11822198,11956260,469.25,522,2100,345,947,11829881,2.93948534853862e-09,"c21.3R.1_11","SpToFa"
"3R","1_11",45,1416201,1421801,12031709,12481524,438.622222222222,528,7649,1099,3297,12395008,1.9630499729605e-12,"c22.3R.1_11","SpToFa"
"3R","1_11",37,1422501,1426801,12531617,12788106,504.378378378378,625,5726,1353,3410,12628819,5.65822545291171e-13,"c23.3R.1_11","SpToFa"
"3R","1_11",138,1427401,1444201,12832039,13694334,513.130434782609,775,19478,4523,14096,13321078,6.22291476582807e-17,"c24.3R.1_11","SpToFa"
"3R","1_11",177,1444401,1463401,13705324,14614276,473.90395480226,621,26761,6069,14994,14395809,5.50322564775853e-14,"c25.3R.1_11","SpToFa"
"3R","1_11",15,1463701,1466101,14625923,14739488,452.333333333333,548,2126,405,1283,14705753,1.27404482083242e-13,"c26.3R.1_11","SpToFa"
"3R","1_11",9,1466301,1467601,14748169,14808618,438.888888888889,481,1143,358,697,14768379,4.59560657719011e-10,"c27.3R.1_11","SpToFa"
"3R","1_11",46,1467801,1473801,14816120,15111074,435.913043478261,568,7028,1445,3378,14970727,2.56181278360108e-12,"c28.3R.1_11","SpToFa"
"3R","1_11",46,1476101,1481901,15220600,15483095,452.195652173913,674,7702,1517,3355,15428385,6.86912479669601e-10,"c29.3R.1_11","SpToFa"
"3R","1_11",20,1482401,1485001,15516581,15692213,463.8,609,3225,750,1517,15660647,8.17335729236435e-09,"c30.3R.1_11","SpToFa"
"3R","1_11",8,1487301,1488501,15814527,15877718,452.5,531,1357,191,627,15857006,2.94278232297244e-11,"c31.3R.1_11","SpToFa"
"3R","1_11",10,1490001,1491601,15963076,16036858,417.3,470,1676,269,653,16010039,6.71364739105653e-10,"c32.3R.1_11","SpToFa"
"3R","1_11",88,1492501,1502101,16076613,16693054,513.784090909091,674,14319,2748,8466,16644335,6.1799085404828e-16,"c33.3R.1_11","SpToFa"
"3R","1_11",92,1502301,1511901,16702019,17175448,528.978260869565,724,14599,3043,9327,16815965,4.12579701522624e-17,"c34.3R.1_11","SpToFa"
"3R","1_11",24,1517701,1520701,17475666,17635967,538.958333333333,747,3859,668,2580,17601410,3.84987670145182e-14,"c35.3R.1_11","SpToFa"
"3R","1_11",5,1526201,1527101,17894422,17936791,511.2,548,701,140,525,17917599,4.02055945954017e-08,"c36.3R.1_11","SpToFa"
"3R","1_11",4,1528301,1529101,17995464,18056326,396.75,422,593,128,246,17997177,3.15249190326064e-11,"c37.3R.1_11","SpToFa"
"3R","1_11",16,1531001,1533501,18169600,18318872,424.1875,467,2891,436,1008,18234102,2.15176097228297e-11,"c38.3R.1_11","SpToFa"
"3R","1_11",13,1544701,1547001,18848933,18965190,390.230769230769,463,1963,400,770,18946356,2.14746821669122e-11,"c39.3R.1_11","SpToFa"
"3R","1_11",10,1547301,1548701,18984581,19045374,416.1,442,1471,325,680,18998474,2.80092479920514e-09,"c40.3R.1_11","SpToFa"
"3R","1_11",6,1552701,1554201,19233096,19332933,393.666666666667,424,819,218,369,19304426,5.62195386212325e-08,"c41.3R.1_11","SpToFa"
"3R","1_11",100,1558201,1569001,19562715,20270584,472.24,635,13617,3260,9029,19968304,1.41447903960601e-16,"c42.3R.1_11","SpToFa"
"3R","1_11",8,1574601,1575801,20604807,20685341,452.75,527,1258,576,404,20641003,5.56625381180074e-08,"c43.3R.1_11","SpToFa"
"3R","1_11",5,1579401,1580301,20918123,20969969,408,436,791,182,295,20943911,9.73146437556957e-09,"c44.3R.1_11","SpToFa"
"3R","1_11",5,1583301,1584201,21130235,21190043,450.4,513,809,117,403,21169438,1.30328841237543e-08,"c45.3R.1_11","SpToFa"
"3R","1_11",25,1587801,1590701,21382139,21518551,448.52,513,4215,769,1820,21458100,9.99338456297757e-10,"c46.3R.1_11","SpToFa"
"3R","1_11",56,1602601,1610101,22102475,22505097,454.089285714286,567,8824,1653,4433,22345775,9.28128327261007e-15,"c47.3R.1_11","SpToFa"
"3R","1_11",8,1611801,1613001,22590515,22656219,471.875,535,1065,650,470,22651993,1.09601566814309e-07,"c48.3R.1_11","SpToFa"
"3R","1_11",3,1623101,1623801,23115210,23144734,393.666666666667,422,303,175,176,23125233,1.01187601539473e-06,"c49.3R.1_11","SpToFa"
"3R","1_11",23,1629101,1631901,23410519,23523005,492.652173913043,630,2985,825,2232,23491467,3.72252947473823e-10,"c50.3R.1_11","SpToFa"
"3R","1_11",20,1632401,1634801,23550257,23680932,462.9,527,2648,404,1934,23625633,1.68571318955636e-09,"c51.3R.1_11","SpToFa"
"3R","1_11",31,1636801,1640301,23807934,23980108,455.774193548387,570,4986,1030,2361,23867959,1.25542356696275e-11,"c52.3R.1_11","SpToFa"
"3R","1_11",3,1640801,1641501,24013631,24046167,411.666666666667,442,478,110,179,24038722,8.68768009306643e-10,"c53.3R.1_11","SpToFa"
"3R","1_11",9,1644601,1645901,24223913,24290557,502.333333333333,607,1391,395,780,24257772,4.56250135176549e-09,"c54.3R.1_11","SpToFa"
"3R","1_11",25,1652401,1655601,24633617,24776367,445.84,513,4262,1096,1564,24733335,1.33483561252201e-10,"c55.3R.1_11","SpToFa"
"3R","1_11",6,1669201,1670201,25369282,25412218,437.333333333333,488,1008,103,470,25399609,1.31270811781343e-13,"c56.3R.1_11","SpToFa"
"3R","1_11",17,1673601,1675901,25523443,25606147,430.352941176471,532,2407,614,1227,25581122,1.6061831697668e-10,"c57.3R.1_11","SpToFa"
"3R","1_11",43,1678001,1683001,25703274,25904687,487.348837209302,681,4577,1792,4265,25853384,5.56508503208865e-11,"c58.3R.1_11","SpToFa"
"3R","1_11",7,1684201,1685301,25950896,25985571,399.142857142857,439,823,252,489,25983523,5.8205758265415e-09,"c59.3R.1_11","SpToFa"
"3R","1_11",6,1688901,1689901,26092232,26130732,415.333333333333,430,658,191,484,26112908,5.95855561944358e-10,"c60.3R.1_11","SpToFa"
"3R","1_11",50,1691001,1697001,26182276,26416478,478.76,623,6811,1980,4389,26374625,1.09094173029897e-14,"c61.3R.1_11","SpToFa"
"3R","1_11",7,1712401,1713501,27096216,27149982,478.857142857143,548,945,257,631,27118116,3.20327841257816e-20,"c62.3R.1_11","SpToFa"
"3R","1_11",51,1715101,1720601,27234848,27777186,596.313725490196,847,9213,1388,6141,27302623,2.30698309753944e-17,"c63.3R.1_11","SpToFa"
"X","1_11",20,1720701,1723101,21022,572383,524.95,598,3726,679,1805,394911,5.47838807418719e-16,"c1.X.1_11","SpToFa"
"X","1_11",94,1723401,1733801,600388,1981645,592.170212765957,934,17529,1966,11401,1145124,1.35984022111088e-27,"c2.X.1_11","SpToFa"
"X","1_11",6,1734501,1735501,2076489,2185983,418.666666666667,474,1053,161,379,2141358,2.16602651340148e-11,"c3.X.1_11","SpToFa"
"X","1_11",78,1735901,1745601,2226978,3011791,483.935897435897,762,13537,1506,7066,2752108,3.41153138709512e-15,"c4.X.1_11","SpToFa"
"X","1_11",4,1747001,1747801,3131353,3190668,395.75,425,759,37,250,3132453,3.89948608169754e-11,"c5.X.1_11","SpToFa"
"X","1_11",8,1749701,1750901,3353714,3442741,558.75,740,1327,151,947,3417908,4.7351871298392e-13,"c6.X.1_11","SpToFa"
"X","1_11",20,1751901,1756001,3524055,3874720,475.1,681,2922,417,2047,3816157,1.90926677156693e-12,"c7.X.1_11","SpToFa"
"X","1_11",6,1758301,1759301,4083428,4151366,419.166666666667,456,1094,139,381,4113373,2.91541995279729e-12,"c8.X.1_11","SpToFa"
"X","1_11",6,1777901,1778901,5601054,5679288,492.5,553,870,168,583,5614319,4.10725586914214e-10,"c9.X.1_11","SpToFa"
"X","1_11",7,1781301,1782401,5859765,5922674,478.571428571429,558,1209,172,599,5892268,4.67709006111872e-10,"c10.X.1_11","SpToFa"
"X","1_11",4,1788501,1789401,6441947,6513862,412.5,437,671,65,283,6475574,3.41031240670633e-09,"c11.X.1_11","SpToFa"
"X","1_11",5,1790701,1791601,6625806,6694056,427.8,454,717,123,392,6656150,3.23810743809881e-09,"c12.X.1_11","SpToFa"
"X","1_11",5,1799001,1799901,7484197,7594641,413,445,1065,53,298,7550871,1.97885796581084e-08,"c13.X.1_11","SpToFa"
"X","1_11",8,1800501,1801701,7634274,7722013,527.875,614,1650,130,771,7665704,5.67678731593823e-13,"c14.X.1_11","SpToFa"
"X","1_11",5,1809201,1810601,8301026,8412842,393,428,782,80,341,8384429,2.21984726257388e-11,"c15.X.1_11","SpToFa"
"X","1_11",16,1826901,1828901,9688673,9830861,439.25,531,1823,1842,507,9817993,1.41767906158396e-07,"c16.X.1_11","SpToFa"
"X","1_11",5,1829901,1830801,9925342,9987375,415.8,451,1121,152,218,9984011,1.10394736782935e-07,"c17.X.1_11","SpToFa"
"X","1_11",11,1833401,1835901,10185051,10381635,429.545454545455,529,2202,237,683,10206408,1.86948972010605e-11,"c18.X.1_11","SpToFa"
"X","1_11",5,1837101,1838001,10466724,10578418,436.8,459,1111,64,315,10529531,2.01895346628562e-20,"c19.X.1_11","SpToFa"
"X","1_11",36,1839401,1844401,10772262,11159981,436.555555555556,545,7167,487,2525,11140171,1.37696186436078e-10,"c20.X.1_11","SpToFa"
"X","1_11",28,1876301,1879801,13929579,14193805,475.464285714286,581,4661,564,2508,13968257,1.38280453269668e-14,"c21.X.1_11","SpToFa"
"X","1_11",33,1882801,1887101,14392828,14692045,449.363636363636,586,5529,822,2552,14515796,1.42654082299616e-13,"c22.X.1_11","SpToFa"
"X","1_11",4,1890301,1891101,14876962,14926964,432.5,475,575,96,321,14889049,6.55749315124353e-12,"c23.X.1_11","SpToFa"
"X","1_11",37,1896801,1900901,15399448,15793129,514.675675675676,822,5765,1008,3754,15406840,8.45956931381639e-14,"c24.X.1_11","SpToFa"
"X","1_11",9,1907501,1908901,16420821,16534931,511.111111111111,639,1233,308,917,16462101,8.1873329169145e-10,"c25.X.1_11","SpToFa"
"X","1_11",10,1909201,1910601,16559389,16641589,435.1,511,1494,338,727,16561999,4.76796834086022e-10,"c26.X.1_11","SpToFa"
"X","1_11",7,1913001,1914101,16803137,16877488,453.857142857143,499,915,192,626,16847441,2.40502301446808e-10,"c27.X.1_11","SpToFa"
"X","1_11",24,1914701,1918301,16902516,17155231,441.166666666667,575,3550,630,1926,17132311,5.51905643570136e-13,"c28.X.1_11","SpToFa"
"X","1_11",13,1918801,1920501,17181497,17290010,552.692307692308,669,1824,300,1587,17213862,6.15748314392454e-12,"c29.X.1_11","SpToFa"
"X","1_11",3,1920801,1921501,17311701,17348637,412,428,521,74,189,17343919,4.80284036679077e-08,"c30.X.1_11","SpToFa"
"X","1_11",2,1925301,1925901,17672539,17738781,424,426,360,22,148,17725660,3.06602803929121e-10,"c31.X.1_11","SpToFa"
"X","1_11",10,1926701,1931401,17862045,18275812,462.833333333333,523,1719,220,798,18236100,4.74867253113167e-10,"c32.X.1_11","SpToFa"
"X","1_11",5,1931701,1932601,18300152,18381422,450,473,864,207,324,18345932,2.42792808082098e-08,"c33.X.1_11","SpToFa"
"X","1_11",5,1933801,1934701,18458752,18555623,467.4,519,801,252,344,18497730,9.06157812581451e-11,"c34.X.1_11","SpToFa"
"X","1_11",20,1946201,1949301,19561956,19858983,447.2,557,3917,274,1493,19663893,1.03478909275826e-14,"c35.X.1_11","SpToFa"
"X","1_11",11,1952901,1954401,20219293,20329710,575.818181818182,665,2234,223,1218,20277480,4.74093521458839e-17,"c36.X.1_11","SpToFa"
"X","1_11",37,1956501,1960601,20473920,20805681,594.027027027027,918,7392,662,4421,20675797,7.52084551759535e-18,"c37.X.1_11","SpToFa"
"X","1_11",13,1960901,1962601,20834361,20951477,466.692307692308,507,2713,225,968,20919467,9.03397714694293e-18,"c38.X.1_11","SpToFa"
"X","1_11",50,1962901,1968801,20975557,21459914,504.94,680,8880,1540,4429,21436262,2.74122756583103e-16,"c39.X.1_11","SpToFa"
"X","1_11",20,1970301,1972701,21896275,22081180,582.95,786,4710,560,1943,21927413,8.71555443035793e-15,"c40.X.1_11","SpToFa"
"X","1_11",15,1973201,1975101,22134742,22346540,546.4,768,2929,787,1231,22160054,5.11039932843227e-13,"c41.X.1_11","SpToFa"
"2L","7_9",4,1,801,5390,174102,7.25,8,5,12,0,89894,3.19e-07,"c1.2L.7_9","7_9"
"3L","7_9",5,949701,950601,5701665,5755162,5,5,5,10,0,5726737,5.44e-07,"c1.3L.7_9","7_9"
"2L","7_9",14,138601,140601,6197258,6273915,1.785714286,3,15,5,0,6219698,1.88e-06,"c2.2L.7_9","7_9"
"2L","7_9",8,178601,179801,7813004,7871890,6.25,10,20,15,0,7846399,2.32e-06,"c3.2L.7_9","7_9"
"2L","7_9",14,258801,260601,11154395,11230715,2.857142857,6,30,5,0,11180298,1.77e-06,"c4.2L.7_9","7_9"
"2L","7_9",9,262601,263901,11333176,11381281,5,9,0,15,5,11364960,2.04e-07,"c5.2L.7_9","7_9"
"2L","7_9",10,312801,314401,13665322,13730201,3,5,20,5,0,13684353,2.12e-06,"c6.2L.7_9","7_9"
"2L","7_9",23,330001,333201,14439397,14583130,1.956521739,4,35,5,0,14498989,2.11e-06,"c7.2L.7_9","7_9"
"2L","7_9",5,335301,336201,14699856,14753920,7,7,25,5,0,14722937,1.95e-06,"c8.2L.7_9","7_9"
"3L","7_9",5,1165401,1166301,15264328,15301784,4,4,0,10,0,15279507,1.88e-06,"c2.3L.7_9","7_9"
"2L","7_9",37,408701,413501,18723008,19073825,3.513513514,15,115,0,5,18884073,7.96e-08,"c9.2L.7_9","7_9"
"2L","7_9",55,415001,421101,19164761,19564155,8.636363636,49,185,145,0,19466734,2.83e-07,"c10.2L.7_9","7_9"
"X","7_9",39,1958601,1967501,20632836,21346076,11.39285714,60,195,75,50,20783566,1.16e-09,"c1.X.7_9","7_9"
